,Time (s),x=0.00m,x=0.02m,x=0.04m,x=0.06m,x=0.08m,x=0.10m,x=0.12m,x=0.14m,x=0.16m,x=0.18m,x=0.20m,x=0.22m,x=0.24m,x=0.26m,x=0.28m,x=0.30m,x=0.32m,x=0.34m,x=0.36m,x=0.38m,x=0.40m,x=0.42m,x=0.44m,x=0.46m,x=0.48m,x=0.50m,x=0.52m,x=0.54m,x=0.56m,x=0.58m,x=0.60m,x=0.62m,x=0.64m,x=0.66m,x=0.68m,x=0.70m,x=0.72m,x=0.74m,x=0.76m,x=0.78m,x=0.80m,x=0.82m,x=0.84m,x=0.86m,x=0.88m,x=0.90m,x=0.92m,x=0.94m,x=0.96m,x=0.98m,x=1.00m
0,0.0,0.0,0.0,0.0,0.0,0.0,0.0,0.0,0.0,0.0,0.0,0.0,0.0,0.0,0.0,0.0,0.0,0.0,0.0,0.0,0.0,0.0,0.0,0.0,0.0,0.0,0.0,0.0,0.0,0.0,0.0,0.0,0.0,0.0,0.0,0.0,0.0,0.0,0.0,0.0,0.0,0.0,0.0,0.0,0.0,0.0,0.0,0.0,0.0,0.0,0.0,0.0
1,0.05,0.0,0.03316780770304507,0.04529887050608887,0.04890099893305155,0.04978237361529188,0.04996304780157979,0.04999455897127617,0.049999298274824105,0.049999920042489904,0.049999991890483104,0.0499999992631941,0.049999999939699905,0.04999999999553382,0.049999999999699424,0.04999999999998157,0.04999999999999899,0.049999999999999975,0.05000000000000004,0.05000000000000004,0.05000000000000004,0.05000000000000004,0.05000000000000004,0.05000000000000004,0.05000000000000004,0.05000000000000004,0.05000000000000004,0.05000000000000004,0.05000000000000004,0.05000000000000004,0.05000000000000004,0.05000000000000004,0.05000000000000004,0.05000000000000004,0.05000000000000004,0.049999999999999975,0.04999999999999899,0.04999999999998157,0.049999999999699424,0.04999999999553382,0.049999999939699905,0.0499999992631941,0.049999991890483104,0.049999920042489904,0.049999298274824105,0.04999455897127617,0.04996304780157979,0.04978237361529188,0.04890099893305155,0.04529887050608887,0.03316780770304507,0.0
2,0.1,0.0,0.05325551982352194,0.08036568076791178,0.09260365542911728,0.09749931443520474,0.0992392194417638,0.09979097185844077,0.0999479150561213,0.09998817854637022,0.09999754560158479,0.0999995319210091,0.09999991768673516,0.09999998660462764,0.09999999797599651,0.0999999997151869,0.0999999999625707,0.09999999999539454,0.0999999999994682,0.09999999999994229,0.09999999999999416,0.0999999999999995,0.10000000000000002,0.10000000000000007,0.10000000000000007,0.10000000000000007,0.10000000000000007,0.10000000000000007,0.10000000000000007,0.10000000000000007,0.10000000000000002,0.0999999999999995,0.09999999999999416,0.09999999999994229,0.0999999999994682,0.09999999999539454,0.0999999999625707,0.0999999997151869,0.09999999797599651,0.09999998660462764,0.09999991768673516,0.0999995319210091,0.09999754560158479,0.09998817854637022,0.0999479150561213,0.09979097185844077,0.0992392194417638,0.09749931443520474,0.09260365542911728,0.08036568076791178,0.05325551982352194,0.0
3,0.15,0.0,0.06894249469612046,0.10931280563490214,0.1310831013478295,0.14186555579667645,0.146765835871252,0.14881032261081656,0.14959458017761945,0.14987177603271554,0.14996228366789835,0.14998965899272568,0.14999735104863884,0.14999936457310145,0.14999985693976825,0.14999996970428084,0.14999999395274108,0.14999999885998244,0.14999999979664527,0.14999999996561622,0.1499999999944802,0.14999999999915742,0.14999999999987762,0.14999999999998315,0.14999999999999786,0.14999999999999983,0.1500000000000001,0.14999999999999983,0.14999999999999786,0.14999999999998315,0.14999999999987762,0.14999999999915742,0.1499999999944802,0.14999999996561622,0.14999999979664527,0.14999999885998244,0.14999999395274108,0.14999996970428084,0.14999985693976825,0.14999936457310145,0.14999735104863884,0.14998965899272568,0.14996228366789835,0.14987177603271554,0.14959458017761945,0.14881032261081656,0.146765835871252,0.14186555579667645,0.1310831013478295,0.10931280563490214,0.06894249469612046,0.0
4,0.2,0.0,0.08225573202138929,0.13445766161927997,0.16559040321322777,0.18299258161300413,0.19209445359577298,0.19654563240826967,0.1985809779963603,0.19945169614821343,0.19980054890290638,0.1999316227910107,0.19997787943251974,0.19999323779146813,0.19999804380284175,0.19999946370444577,0.19999986045996887,0.19999996549171184,0.199999991877487,0.19999999817780986,0.19999999960987305,0.1999999999201864,0.19999999998437817,0.19999999999707133,0.19999999999947324,0.19999999999990678,0.19999999999996998,0.19999999999990678,0.19999999999947324,0.19999999999707133,0.19999999998437817,0.1999999999201864,0.19999999960987305,0.19999999817780986,0.199999991877487,0.19999996549171184,0.19999986045996887,0.19999946370444577,0.19999804380284175,0.19999323779146813,0.19997787943251974,0.1999316227910107,0.19980054890290638,0.19945169614821343,0.1985809779963603,0.19654563240826967,0.19209445359577296,0.1829925816130041,0.16559040321322774,0.13445766161927997,0.08225573202138929,0.0
5,0.25,0.0,0.09402681743577544,0.1569761554365708,0.19707560982975222,0.22132453416062112,0.23522159719855387,0.2427613086128181,0.24663156552699803,0.2485109915776179,0.24937460337338974,0.2497503153248871,0.24990518559502806,0.24996572859739974,0.24998819846302925,0.24999612474705368,0.24999878537368653,0.24999963624855315,0.24999989580918744,0.24999997142675348,0.24999999249011132,0.24999999810642773,0.2499999995415134,0.24999999989329003,0.24999999997606817,0.24999999999463499,0.24999999999785974,0.24999999999463499,0.24999999997606817,0.24999999989329003,0.2499999995415134,0.24999999810642773,0.24999999249011132,0.24999997142675348,0.24999989580918744,0.24999963624855315,0.24999878537368653,0.24999612474705368,0.24998819846302925,0.24996572859739974,0.24990518559502806,0.2497503153248871,0.24937460337338974,0.2485109915776179,0.24663156552699803,0.2427613086128181,0.23522159719855387,0.2213245341606211,0.1970756098297522,0.15697615543657079,0.09402681743577543,0.0
6,0.3,0.0,0.10469241471419427,0.1775459352381629,0.22618954738630204,0.25729168625378424,0.27630563820601584,0.28740696264718596,0.29359227863349047,0.29687960925408996,0.29854591801055763,0.29935155902235006,0.2997232086172323,0.29988686587101776,0.29995570035628777,0.29998337288234167,0.299994014262094,0.2999979317742484,0.2999993136137979,0.2999997810472658,0.2999999328153604,0.2999999801547586,0.2999999943526845,0.29999999845037506,0.29999999958848406,0.2999999998890189,0.2999999999482437,0.2999999998890189,0.29999999958848406,0.29999999845037506,0.2999999943526845,0.2999999801547586,0.2999999328153604,0.2999997810472658,0.2999993136137979,0.2999979317742484,0.299994014262094,0.29998337288234167,0.29995570035628777,0.29988686587101776,0.2997232086172323,0.29935155902235006,0.29854591801055763,0.29687960925408996,0.29359227863349047,0.28740696264718596,0.27630563820601584,0.25729168625378424,0.22618954738630204,0.1775459352381629,0.10469241471419427,0.0
7,0.35000000000000003,0.0,0.11451541224021641,0.19659709572712103,0.2533870883025523,0.2912500917065011,0.31554281683296487,0.3305251689689025,0.33940019490313,0.34444678573570464,0.3472004894290004,0.3486421595081396,0.34936635907305125,0.3497154770452763,0.34987703883485116,0.349948840065172,0.34997949927166144,0.3499920845244969,0.3499970537869689,0.3499989423133699,0.3499996335680353,0.3499998774199501,0.34999996038134656,0.34999998761639217,0.34999999623670375,0.34999999882084776,0.34999999938020365,0.34999999882084776,0.34999999623670375,0.34999998761639217,0.34999996038134656,0.3499998774199501,0.3499996335680353,0.3499989423133699,0.3499970537869689,0.3499920845244969,0.34997949927166144,0.349948840065172,0.34987703883485116,0.3497154770452763,0.34936635907305125,0.3486421595081396,0.3472004894290004,0.34444678573570464,0.33940019490313,0.3305251689689025,0.31554281683296487,0.2912500917065011,0.2533870883025523,0.19659709572712103,0.11451541224021641,0.0
8,0.4,0.0,0.12366859470648046,0.21442218206795752,0.2789973210006567,0.32348496813226457,0.35312330329434927,0.37219848519935805,0.3840489108303644,0.3911509651258735,0.39525519013490645,0.39754162235211726,0.3987693754188647,0.39940483750368394,0.39972189782294054,0.3998744279909176,0.3999451986034987,0.3999768784574669,0.399990565788227,0.39999627597363996,0.3999985773202293,0.3999994737749834,0.39999981145151337,0.39999993448324317,0.399999977758078,0.3999999921056926,0.39999999544197584,0.3999999921056926,0.399999977758078,0.39999993448324317,0.39999981145151337,0.3999994737749834,0.3999985773202293,0.39999627597363996,0.399990565788227,0.3999768784574669,0.3999451986034987,0.3998744279909176,0.39972189782294054,0.39940483750368394,0.3987693754188647,0.39754162235211726,0.39525519013490645,0.3911509651258735,0.3840489108303644,0.37219848519935805,0.35312330329434927,0.32348496813226457,0.2789973210006567,0.21442218206795752,0.12366859470648046,0.0
9,0.45,0.0,0.13227271997801654,0.23123065088922723,0.3032662139750071,0.35422462743771804,0.3892178827451228,0.4125229430894355,0.4275640949315539,0.43696589570827343,0.4426549040995706,0.4459861880107792,0.44787349419265127,0.44890787747030425,0.4494563098335147,0.44973762764758135,0.44987725332112843,0.4499443212969849,0.4499755071419812,0.44998954890202125,0.44999567313605343,0.44999826136409354,0.44999932163378337,0.4499997426211824,0.4499999041090488,0.4499999621851929,0.44999997646501666,0.4499999621851929,0.4499999041090488,0.4499997426211824,0.44999932163378337,0.44999826136409354,0.44999567313605343,0.44998954890202125,0.4499755071419812,0.4499443212969849,0.44987725332112843,0.44973762764758135,0.4494563098335147,0.44890787747030425,0.44787349419265127,0.4459861880107792,0.4426549040995706,0.43696589570827343,0.4275640949315539,0.4125229430894355,0.3892178827451228,0.3542246274377181,0.3032662139750071,0.23123065088922726,0.13227271997801657,0.0
10,0.5,0.0,0.14041611602333412,0.24717848667686304,0.32638284333781126,0.38365347552016743,0.4239757034779071,0.45159548973829805,0.469988309639406,0.4818889676985418,0.4893668986183284,0.49392853058266034,0.49662920029356344,0.49818072585412226,0.4990455785508565,0.49951332711634355,0.49975879200857165,0.4998837940247797,0.49994557586166855,0.4999752176551845,0.4999890261540146,0.4999952734560068,0.49999801893971507,0.4999991904202473,0.4999996734360318,0.49999985908327466,0.4999999067950319,0.49999985908327466,0.4999996734360318,0.4999991904202473,0.49999801893971507,0.4999952734560068,0.4999890261540146,0.4999752176551845,0.49994557586166855,0.4998837940247797,0.49975879200857165,0.49951332711634355,0.4990455785508565,0.49818072585412226,0.49662920029356344,0.49392853058266034,0.4893668986183284,0.4818889676985418,0.469988309639406,0.45159548973829805,0.4239757034779071,0.3836534755201675,0.3263828433378113,0.2471784866768631,0.14041611602333415,0.0
11,0.55,0.0,0.14816570147304037,0.26238552070164417,0.34849604665490747,0.4119222128726071,0.45752578722894427,0.48950836375987694,0.511372031204074,0.5259327285219333,0.5353752369530137,0.5413356253485437,0.5449967659414848,0.5471846257622006,0.5484564330378696,0.5491755297372658,0.5495709946961224,0.5497825365600902,0.5498926105834403,0.5499483321295189,0.549975777815128,0.549988933157246,0.5499950695853798,0.5499978526949233,0.5499990721051333,0.5499995672493806,0.549999699110312,0.5499995672493806,0.5499990721051333,0.5499978526949233,0.5499950695853798,0.549988933157246,0.549975777815128,0.5499483321295189,0.5498926105834403,0.5497825365600902,0.5495709946961224,0.5491755297372658,0.5484564330378696,0.5471846257622006,0.5449967659414848,0.5413356253485437,0.5353752369530137,0.5259327285219333,0.511372031204074,0.48950836375987694,0.4575257872289443,0.41192221287260716,0.3484960466549075,0.2623855207016442,0.1481657014730404,0.0
12,0.6,0.0,0.15557361378988221,0.27694615680680873,0.3697253687940173,0.43915548734069704,0.48997958807363656,0.5263468640373673,0.5517684658145435,0.569119056061783,0.580676131577368,0.5881861404451844,0.5929456201972059,0.5958866667124791,0.5976583715092955,0.5986987134911873,0.5992941380210242,0.5996262876693097,0.5998068827450593,0.5999025948754123,0.5999520431919921,0.5999769482143409,0.599989174882664,0.5999950175335923,0.5999977130707884,0.5999988589093996,0.5999991730233312,0.5999988589093996,0.5999977130707884,0.5999950175335923,0.599989174882664,0.5999769482143409,0.5999520431919921,0.5999025948754123,0.5998068827450593,0.5996262876693097,0.5992941380210242,0.5986987134911873,0.5976583715092955,0.5958866667124791,0.5929456201972059,0.5881861404451844,0.580676131577368,0.569119056061783,0.5517684658145435,0.5263468640373673,0.48997958807363656,0.4391554873406971,0.36972536879401735,0.2769461568068088,0.15557361378988224,0.0
13,0.65,0.0,0.1626814119094796,0.29093632911222295,0.39016848998118,0.46545758683504634,0.5214336113129657,0.5621887576874683,0.591230623837394,0.6114752637046824,0.6252743569284449,0.6344679625138939,0.6404532187599582,0.6442597825484916,0.6466243532333806,0.6480587763557006,0.6489084747903984,0.6493999365356503,0.6496774875851167,0.6498305359122639,0.6499129417327757,0.6499562651294963,0.6499784969961053,0.6499896109316277,0.6499949699818807,0.6499973375381889,0.6499980022361886,0.6499973375381889,0.6499949699818807,0.6499896109316277,0.6499784969961053,0.6499562651294963,0.6499129417327757,0.6498305359122639,0.6496774875851167,0.6493999365356503,0.6489084747903984,0.6480587763557006,0.6466243532333806,0.6442597825484916,0.6404532187599582,0.6344679625138939,0.6252743569284449,0.6114752637046824,0.591230623837394,0.5621887576874683,0.5214336113129657,0.4654575868350464,0.39016848998118003,0.290936329112223,0.16268141190947963,0.0
14,0.7000000000000001,0.0,0.16952285717883242,0.3044181910532604,0.40990641251463955,0.4909166938407077,0.5519717627254633,0.5971044574939502,0.6298097247540351,0.653031535125238,0.6691805794581238,0.6801760760601413,0.6875037864631788,0.6922823491076203,0.6953310335260685,0.6972336165977425,0.6983948998404804,0.699088101472969,0.6994927571923638,0.6997237536687747,0.6998527000285911,0.6999230804865694,0.6999606207442554,0.6999801384706991,0.6999899148860866,0.699994377356698,0.6999956553238075,0.699994377356698,0.6999899148860866,0.6999801384706991,0.6999606207442554,0.6999230804865694,0.6998527000285911,0.6997237536687747,0.6994927571923638,0.699088101472969,0.6983948998404804,0.6972336165977425,0.6953310335260685,0.6922823491076203,0.6875037864631788,0.6801760760601413,0.6691805794581238,0.653031535125238,0.6298097247540351,0.5971044574939502,0.5519717627254633,0.4909166938407077,0.40990641251463955,0.3044181910532604,0.16952285717883242,0.0
15,0.75,0.0,0.17612581958198578,0.3174433781900173,0.42900717475615735,0.5156080962953441,0.5816673501767403,0.6311575353645916,0.6675543835019124,0.6938192537500574,0.7124094087656498,0.7253108358489719,0.7340871168466461,0.7399375984902138,0.7437587081486939,0.7462034306163101,0.7477354100577058,0.74867559893889,0.7492406452294398,0.7495731791426088,0.7497647997326016,0.7498728980850089,0.7499325506852059,0.7499646486875277,0.7499812659202206,0.7499890653126554,0.7499913364550562,0.7499890653126554,0.7499812659202206,0.7499646486875277,0.7499325506852059,0.7498728980850089,0.7497647997326016,0.7495731791426088,0.7492406452294398,0.74867559893889,0.7477354100577058,0.7462034306163101,0.7437587081486939,0.7399375984902138,0.7340871168466461,0.7253108358489719,0.7124094087656498,0.6938192537500574,0.6675543835019124,0.6311575353645916,0.5816673501767403,0.5156080962953441,0.42900717475615735,0.3174433781900173,0.17612581958198578,0.0
16,0.8,0.0,0.18251362369080415,0.33005534114227153,0.4475285702088049,0.5395966391080016,0.6105847517335145,0.6644053562740965,0.7045102535647648,0.7338699286424104,0.7549779910363601,0.769876598365733,0.7801975067384372,0.7872129788534982,0.7918910896346572,0.7949508098843316,0.7969133909432724,0.7981477966697594,0.7989090566796836,0.7993693325533237,0.7996421460297188,0.7998006170946474,0.7998907377274076,0.799940718669396,0.7999673490263359,0.7999801511136365,0.7999839320178143,0.7999801511136365,0.7999673490263359,0.799940718669396,0.7998907377274076,0.7998006170946474,0.7996421460297188,0.7993693325533237,0.7989090566796836,0.7981477966697594,0.7969133909432724,0.7949508098843316,0.7918910896346572,0.7872129788534982,0.7801975067384372,0.769876598365733,0.7549779910363601,0.7338699286424104,0.7045102535647648,0.6644053562740965,0.6105847517335145,0.5395966391080016,0.4475285702088049,0.33005534114227153,0.18251362369080415,0.0
17,0.85,0.0,0.1887060233427103,0.3422910531137009,0.4655201775971322,0.5629386184677806,0.6387807935665641,0.696899727377414,0.7407199342425151,0.7732145166611049,0.7969050015311522,0.8138806553268131,0.8258328480123335,0.83409953049527,0.8397149985866319,0.8434607044054656,0.8459137683303086,0.8474908611333678,0.8484861129872084,0.8491025538207094,0.8494772377220212,0.8497006370608022,0.8498311274057827,0.8499054596159628,0.849946075370268,0.8499660091847401,0.8499719677090585,0.8499660091847401,0.849946075370268,0.8499054596159628,0.8498311274057827,0.8497006370608022,0.8494772377220212,0.8491025538207094,0.8484861129872084,0.8474908611333678,0.8459137683303086,0.8434607044054656,0.8397149985866319,0.83409953049527,0.8258328480123335,0.8138806553268131,0.7969050015311522,0.7732145166611049,0.7407199342425151,0.696899727377414,0.6387807935665641,0.5629386184677806,0.4655201775971322,0.3422910531137009,0.1887060233427103,0.0
18,0.9,0.0,0.1947199230280564,0.3541822853258181,0.48302490312720925,0.5856832628382822,0.6663058856034958,0.7286875132176226,0.7762230273573908,0.811883007590637,0.8382099275573714,0.8573324108703004,0.870993871759426,0.8805913131814068,0.8872200229226754,0.8917203035412791,0.8947230612060354,0.8966919163280367,0.8979603534651021,0.8987631977454397,0.899262326221505,0.8995669682131233,0.8997492219203385,0.8998555386496627,0.8999149342341434,0.8999446145320552,0.8999535788173414,0.8999446145320552,0.8999149342341434,0.8998555386496627,0.8997492219203385,0.8995669682131233,0.899262326221505,0.8987631977454397,0.8979603534651021,0.8966919163280367,0.8947230612060354,0.8917203035412791,0.8872200229226754,0.8805913131814068,0.870993871759426,0.8573324108703004,0.8382099275573714,0.811883007590637,0.7762230273573908,0.7286875132176226,0.6663058856034958,0.5856832628382822,0.48302490312720925,0.35418228532581814,0.1947199230280564,0.0
19,0.9500000000000001,0.0,0.20056992206819307,0.36575657684363116,0.5000801704614656,0.6078739038053929,0.6932049587522979,0.7598111966762718,0.811056274829918,0.8499041835417446,0.87891256182044,0.9002427508786432,0.9156835287027277,0.926684898761073,0.9343981770150861,0.9397188703950484,0.9433293655602195,0.945739132286766,0.9473208794242628,0.9483417913705481,0.9489895561241909,0.9493933387380709,0.9496401491286275,0.9497872127250406,0.9498709998579254,0.9499135328197484,0.9499264946550796,0.9499135328197484,0.9498709998579254,0.9497872127250406,0.9496401491286275,0.9493933387380709,0.9489895561241909,0.9483417913705481,0.9473208794242628,0.945739132286766,0.9433293655602195,0.9397188703950484,0.9343981770150861,0.926684898761073,0.9156835287027277,0.9002427508786432,0.87891256182044,0.8499041835417446,0.811056274829918,0.7598111966762718,0.6932049587522979,0.6078739038053927,0.5000801704614656,0.3657565768436312,0.20056992206819307,0.0
20,1.0,0.0,0.20626873204931526,0.37703798374408537,0.5167188517301825,0.6295489114822497,0.7195182408783183,0.7903093798160834,0.8452537361873893,0.8873054934751933,0.919032647822827,0.9426235618403513,0.9599064862088172,0.9723789315307997,0.9812435787002929,0.9874475543826796,0.9917222925881557,0.9946217602181471,0.9965574498033626,0.997829155080956,0.9986510841111372,0.9991732936589806,0.9994987332128084,0.9996963707005727,0.9998109499771558,0.9998699237098148,0.9998880366718256,0.9998699237098148,0.9998109499771558,0.9996963707005727,0.9994987332128084,0.9991732936589806,0.9986510841111372,0.997829155080956,0.9965574498033626,0.9946217602181471,0.9917222925881557,0.9874475543826796,0.9812435787002929,0.9723789315307997,0.9599064862088172,0.9426235618403513,0.919032647822827,0.8873054934751933,0.8452537361873892,0.7903093798160833,0.7195182408783182,0.6295489114822496,0.5167188517301824,0.3770379837440853,0.20626873204931523,0.0
21,1.05,0.0,0.2118275018249954,0.38804766602070306,0.532970005112032,0.6507424491628071,0.7452819020339573,0.8202172258504079,0.8788469817294818,0.9241130032806294,0.9585896350697422,0.9844873652550439,1.0036687225768555,1.017673752827977,1.0277521532233935,1.0348991980892188,1.0398928786535027,1.0433301286767864,1.0456605374773127,1.0472164912062694,1.0482391757079466,1.048900282382661,1.0493195632755146,1.0495785801805557,1.049731093522466,1.0498105557066104,1.0498351287947358,1.0498105557066104,1.049731093522466,1.0495785801805557,1.0493195632755146,1.048900282382661,1.0482391757079466,1.0472164912062694,1.0456605374773127,1.0433301286767867,1.0398928786535027,1.0348991980892188,1.0277521532233935,1.017673752827977,1.0036687225768555,0.9844873652550439,0.9585896350697422,0.9241130032806294,0.8788469817294817,0.8202172258504078,0.7452819020339572,0.650742449162807,0.5329700051120319,0.388047666020703,0.21182750182499538,0.0
22,1.1,0.0,0.21725607393455804,0.39880435319780794,0.5488594658282391,0.6714850877173418,0.770528593559248,0.8495668466812113,0.9118652871866401,0.9603513948552943,0.9976025135443238,1.0258470409619171,1.0469772012352496,1.0625710836051865,1.0739213676934756,1.0820681484687118,1.0878334795670508,1.0918556123947432,1.0946213547907264,1.0964954448383248,1.0977462811621135,1.0985677337455693,1.09909705744189,1.099429136394628,1.099627404974144,1.0997318303388066,1.099764317978432,1.0997318303388066,1.099627404974144,1.099429136394628,1.09909705744189,1.0985677337455693,1.0977462811621135,1.0964954448383248,1.0946213547907264,1.0918556123947434,1.0878334795670508,1.0820681484687118,1.0739213676934756,1.0625710836051863,1.0469772012352494,1.0258470409619171,0.9976025135443237,0.9603513948552942,0.91186528718664,0.8495668466812112,0.7705285935592479,0.6714850877173417,0.548859465828239,0.3988043531978078,0.21725607393455798,0.0
23,1.1500000000000001,0.0,0.22256318933754332,0.4093247179393669,0.5644103245819253,0.6918043100452143,0.7952879007854555,0.8783876416440874,0.9443358218644707,0.996043996318316,1.0360897053628608,1.0667156187680056,1.089839609946332,1.1070737578274257,1.1197499963860487,1.1289500782994009,1.1355376579754737,1.140190582849647,1.143431855770332,1.1456581417359304,1.1471650926388561,1.1481691185910305,1.148825521084755,1.1492431110315884,1.149495563082295,1.1496298134072114,1.149671802724716,1.1496298134072114,1.149495563082295,1.1492431110315884,1.148825521084755,1.1481691185910305,1.1471650926388561,1.1456581417359304,1.1434318557703322,1.140190582849647,1.1355376579754737,1.1289500782994009,1.1197499963860487,1.1070737578274257,1.089839609946332,1.0667156187680056,1.0360897053628608,0.9960439963183159,0.9443358218644706,0.8783876416440873,0.7952879007854554,0.6918043100452141,0.5644103245819252,0.4093247179393668,0.22256318933754327,0.0
24,1.2,0.0,0.2277566526528552,0.41962367893377955,0.5796433185325722,0.7117249285245768,0.8195867251257679,0.9067065932771875,0.9762838260172154,1.031212831332232,1.0740689976035724,1.1071061224890895,1.1322641525812387,1.1511854995941861,1.1652379154247492,1.1755418210359116,1.1830000698366632,1.188328347462068,1.1920847212450116,1.1946972079030223,1.196488585335847,1.1976980006479814,1.1984991985511715,1.1990153995189738,1.1993309919784043,1.19950027113163,1.1995534673576262,1.19950027113163,1.1993309919784043,1.1990153995189738,1.1984991985511715,1.1976980006479814,1.196488585335847,1.1946972079030223,1.1920847212450119,1.1883283474620683,1.1830000698366632,1.1755418210359116,1.1652379154247492,1.1511854995941861,1.1322641525812387,1.1071061224890895,1.0740689976035724,1.031212831332232,0.9762838260172154,0.9067065932771875,0.8195867251257678,0.7117249285245767,0.5796433185325721,0.4196236789337795,0.22775665265285513,0.0
25,1.25,0.0,0.23284346683306043,0.4297146487538013,0.5945771535539317,0.7312694329956438,0.8434496081902886,0.9345485256201582,1.0077327754652947,1.06587867944317,1.1115575046846689,1.1470314541979436,1.1742593832527344,1.1949107374239427,1.2103859244652684,1.2218412203978022,1.23021635390122,1.2362630825367331,1.240573331919881,1.243605774917413,1.2457100451696672,1.2471480768822067,1.248112318292173,1.248740765716803,1.2491289030537376,1.2493387092604349,1.2494049200224933,1.2493387092604349,1.2491289030537376,1.248740765716803,1.248112318292173,1.2471480768822067,1.2457100451696672,1.243605774917413,1.2405733319198813,1.2362630825367333,1.2302163539012203,1.2218412203978024,1.2103859244652684,1.1949107374239427,1.1742593832527344,1.1470314541979436,1.1115575046846689,1.06587867944317,1.0077327754652947,0.9345485256201581,0.8434496081902886,0.7312694329956437,0.5945771535539316,0.4297146487538012,0.2328434668330604,0.0
26,1.3,0.0,0.23782994391150772,0.43960973843221834,0.6092287719589997,0.7504582828140937,0.8668990080696171,0.9619363300297435,1.0387045328315354,1.1000611420237616,1.148571651831224,1.1865043093114325,1.2158340745069118,1.238254449870737,1.2551955926379126,1.2678469948974276,1.2771830266478,1.2839897636586501,1.2888917333944157,1.292377474495763,1.2948230855340472,1.296513208658137,1.2976591316343533,1.2984138833719798,1.2988843363233296,1.2991404134986515,1.2992215326471892,1.2991404134986515,1.2988843363233296,1.2984138833719798,1.2976591316343533,1.296513208658137,1.2948230855340472,1.292377474495763,1.2888917333944157,1.2839897636586501,1.2771830266478,1.2678469948974278,1.2551955926379128,1.2382544498707373,1.2158340745069118,1.1865043093114325,1.148571651831224,1.1000611420237616,1.0387045328315352,0.9619363300297434,0.8668990080696171,0.7504582828140937,0.6092287719589996,0.43960973843221823,0.23782994391150766,0.0
27,1.35,0.0,0.242721796820585,0.44931992764376893,0.6236135765449079,0.7693101535194792,0.8899555359599259,0.9888911629168721,1.0692194855652983,1.133778710223132,1.185127173461655,1.2255371153237933,1.2569971128723467,1.2812220374188492,1.2996691259562427,1.31355861682317,1.3238973840856314,1.331504096171549,1.3370345962134333,1.3410064251888612,1.3438216553700952,1.3457874450654255,1.3471339456309221,1.3480293739690206,1.348592200308111,1.348900489919194,1.3489984814072544,1.348900489919194,1.348592200308111,1.3480293739690206,1.3471339456309221,1.3457874450654255,1.3438216553700952,1.3410064251888612,1.3370345962134333,1.331504096171549,1.3238973840856314,1.31355861682317,1.2996691259562427,1.2812220374188492,1.2569971128723467,1.2255371153237933,1.185127173461655,1.133778710223132,1.0692194855652983,0.988891162916872,0.8899555359599259,0.7693101535194791,0.6236135765449078,0.4493199276437688,0.24272179682058498,0.0
28,1.4000000000000001,0.0,0.24752421609017966,0.45885520730310564,0.6377456193495085,0.7878421464042055,0.9126381597422994,1.0154326192391316,1.099296671368406,1.1670488325716641,1.2212391219897827,1.264141988659216,1.2977574163761243,1.3238192163435636,1.3438092535261195,1.3589762048052134,1.3703574111235786,1.3788024475435854,1.384997173294636,1.3894872135541245,1.3927000404858347,1.3949650396904028,1.3965311505316387,1.3975818408270644,1.398247309740574,1.3986139043183894,1.3987307865387415,1.3986139043183894,1.398247309740574,1.3975818408270644,1.3965311505316387,1.3949650396904028,1.3927000404858347,1.3894872135541245,1.384997173294636,1.3788024475435854,1.3703574111235786,1.3589762048052134,1.3438092535261195,1.3238192163435636,1.2977574163761243,1.264141988659216,1.2212391219897827,1.167048832571664,1.0992966713684058,1.0154326192391314,0.9126381597422993,0.7878421464042055,0.6377456193495084,0.45885520730310553,0.2475242160901796,0.0
29,1.45,0.0,0.25224193436112446,0.468224699850121,0.6516377616717524,0.8060699675465441,0.9349643798914626,1.041578885056558,1.1289538918655904,1.1998879807386051,1.2569218837530902,1.3023307053917734,1.3381238696998021,1.3660519308975245,1.3876191301049041,1.4041004288960865,1.4165616987223446,1.4258817828098198,1.4327752564740879,1.4378148716699894,1.4414528597560785,1.4440404619903715,1.4458452424477013,1.4470658994470214,1.447844420627897,1.448275519744587,1.4484133506221883,1.448275519744587,1.447844420627897,1.4470658994470214,1.4458452424477013,1.4440404619903715,1.4414528597560785,1.4378148716699894,1.4327752564740879,1.4258817828098198,1.4165616987223446,1.4041004288960865,1.3876191301049041,1.3660519308975245,1.3381238696998021,1.3023307053917734,1.2569218837530902,1.199887980738605,1.1289538918655901,1.0415788850565577,0.9349643798914625,0.8060699675465441,0.6516377616717524,0.46822469985012094,0.2522419343611244,0.0
30,1.5,0.0,0.2568792809977901,0.47743676134301016,0.6653018105178988,0.8240080815470291,0.9569503821039391,1.0673468719905248,1.1582078154591575,1.2323117125219747,1.2921891996668453,1.3401146825574655,1.3781052735055213,1.4079262807703303,1.4311022528118131,1.4489324270264354,1.4625093687284083,1.4727396038266407,1.4803651334327363,1.4859848524456978,1.490075057546402,1.4930084042864762,1.4950708417827023,1.4964762042194528,1.4973782623918592,1.4978801316596089,1.4980409947068423,1.4978801316596089,1.4973782623918592,1.4964762042194528,1.4950708417827023,1.4930084042864762,1.490075057546402,1.4859848524456978,1.4803651334327363,1.4727396038266407,1.4625093687284083,1.4489324270264354,1.4311022528118131,1.4079262807703303,1.3781052735055213,1.3401146825574655,1.2921891996668453,1.2323117125219745,1.1582078154591575,1.0673468719905246,0.9569503821039389,0.824008081547029,0.6653018105178987,0.47743676134301005,0.2568792809977901,0.0
31,1.55,0.0,0.26144022859432,0.4864990686090029,0.6787486355747576,0.8416698441809863,0.9786111702485016,1.0927523360173603,1.1870740703254739,1.264334731546498,1.3270541888565464,1.37750496753239,1.417710305150247,1.449448461273595,1.474262390046885,1.4934737317006934,1.5082000060864411,1.5193738927424538,1.527763545892911,1.5339930038379002,1.5385618934481886,1.5418637852461248,1.5442027079709852,1.545807471674349,1.5468435669509983,1.5474225003850297,1.5476084918519155,1.5474225003850297,1.5468435669509983,1.545807471674349,1.5442027079709852,1.5418637852461248,1.5385618934481886,1.5339930038379002,1.527763545892911,1.5193738927424538,1.5082000060864411,1.4934737317006934,1.474262390046885,1.449448461273595,1.417710305150247,1.37750496753239,1.3270541888565464,1.2643347315464977,1.1870740703254736,1.09275233601736,0.9786111702485014,0.8416698441809862,0.6787486355747576,0.4864990686090028,0.26144022859432,0.0
32,1.6,0.0,0.26592843279661943,0.49541869403778444,0.6919882699939996,0.8590676173777818,0.9999606826100497,1.1178099826767924,1.2155673284828248,1.2959709434137003,1.3615293740017422,1.4145122335268625,1.4569474885566178,1.4906247141307172,1.5171035209207846,1.5377262058461274,1.5536335980060663,1.5657830598517941,1.5749676496849845,1.5818355428064432,1.5869089301895687,1.590601750588873,1.593235751021612,1.5950545004976553,1.5962350947224289,1.5968973806403663,1.5971105978314293,1.5968973806403663,1.5962350947224289,1.5950545004976553,1.593235751021612,1.590601750588873,1.5869089301895687,1.5818355428064432,1.5749676496849845,1.5657830598517941,1.5536335980060663,1.5377262058461274,1.5171035209207846,1.4906247141307172,1.4569474885566178,1.4145122335268625,1.3615293740017422,1.2959709434137001,1.2155673284828246,1.1178099826767922,0.9999606826100494,0.8590676173777818,0.6919882699939996,0.49541869403778444,0.26592843279661943,0.0
33,1.6500000000000001,0.0,0.27034726657626446,0.5042021700899205,0.7050299976366372,0.8762128693058873,1.021011893888773,1.14253356047493,1.2437013818069718,1.3272335082281899,1.3956267074788133,1.4511467796886781,1.4958251714489432,1.5314612871086146,1.5596297837222404,1.5816919868018808,1.5988104795938323,1.6119658958333576,1.6219749770645189,1.629509029617664,1.635112020399562,1.6392176716256452,1.642165040317205,1.6442121885631449,1.645547657603844,1.6462995481017548,1.646542078883952,1.6462995481017548,1.645547657603844,1.6442121885631449,1.642165040317205,1.6392176716256452,1.635112020399562,1.629509029617664,1.6219749770645189,1.6119658958333576,1.5988104795938323,1.5816919868018808,1.5596297837222404,1.5314612871086146,1.4958251714489432,1.4511467796886781,1.3956267074788133,1.3272335082281896,1.2437013818069715,1.1425335604749298,1.0210118938887727,0.8762128693058872,0.7050299976366372,0.5042021700899205,0.27034726657626446,0.0
34,1.7,0.0,0.27469984987094404,0.5128555451938343,0.7178824289293977,0.8931162618422499,1.041776905004012,1.1669359440058513,1.2714892108051914,1.3581348895425895,1.4293575976521307,1.4874185346507125,1.5343515085145558,1.571964401027007,1.6018454321509248,1.6253734375189546,1.6437312854340513,1.6579215282583335,1.6687834014951677,1.6770103429263072,1.6831672927474979,1.6877071421323329,1.6909858110669789,1.6932755472377463,1.6947761390556075,1.695623823001998,1.6958977364922856,1.695623823001998,1.6947761390556075,1.6932755472377463,1.6909858110669789,1.6877071421323329,1.6831672927474979,1.6770103429263072,1.6687834014951677,1.6579215282583335,1.6437312854340513,1.6253734375189546,1.6018454321509248,1.571964401027007,1.5343515085145558,1.4874185346507123,1.4293575976521304,1.3581348895425893,1.2714892108051912,1.166935944005851,1.0417769050040118,0.8931162618422497,0.7178824289293976,0.5128555451938341,0.27469984987094404,0.0
35,1.75,0.0,0.2789890753329402,0.5213844323921851,0.7305535670921288,0.9097877273049197,1.0622670224166408,1.1910292080988476,1.2989430468896142,1.3886868998393718,1.462732934856456,1.52333706262243,1.5725344493317914,1.6121402229284563,1.6437547982205747,1.6687731041295562,1.6883969066002937,1.7036493821802532,1.7153911049906856,1.724336655928887,1.7310711378532297,1.736065973965428,1.7396934687651902,1.7422397132178946,1.7439155114432,1.7448650908606032,1.7451724292555395,1.7448650908606032,1.7439155114432,1.7422397132178946,1.7396934687651902,1.736065973965428,1.7310711378532297,1.724336655928887,1.7153911049906856,1.7036493821802532,1.6883969066002937,1.6687731041295562,1.6437547982205747,1.6121402229284563,1.5725344493317914,1.5233370626224298,1.4627329348564557,1.3886868998393715,1.298943046889614,1.1910292080988474,1.0622670224166406,0.9097877273049195,0.7305535670921286,0.521384432392185,0.27898907533294015,0.0
36,1.8,0.0,0.2832176307908214,0.5297940518514179,0.7430508661832517,0.9262365360070088,1.0824928284094801,1.2148246941142888,1.326074428821008,1.4189007427141527,1.4957631167562488,1.5589115713294817,1.6103817301306746,1.651994844397334,1.6853622608912464,1.7118936791298875,1.7328084525936869,1.7491491445709415,1.7617965480211024,1.7714854137748806,1.778820194261964,1.7842901917485992,1.7882835919615474,1.791099958146997,1.7929608508256338,1.7940183204801,1.7943610919715454,1.7940183204801,1.7929608508256338,1.791099958146997,1.7882835919615474,1.7842901917485992,1.778820194261964,1.7714854137748806,1.7617965480211024,1.7491491445709415,1.7328084525936869,1.7118936791298875,1.6853622608912464,1.651994844397334,1.6103817301306746,1.5589115713294817,1.4957631167562488,1.4189007427141525,1.3260744288210078,1.2148246941142886,1.08249282840948,0.9262365360070086,0.7430508661832514,0.5297940518514177,0.28321763079082135,0.0
37,1.85,0.0,0.2873880189213767,0.5380892681516233,0.7553812821604504,0.9424713559307607,1.1024642435400247,1.2383330693548902,1.3528942539274724,1.4487870519509216,1.5284580728727297,1.5941509212642369,1.6479008686323855,1.6915342641853695,1.7266722196227835,1.7547379695014975,1.776967217728709,1.7944207323412449,1.8079984419257698,1.818454312341395,1.8264113346967186,1.8323760268934957,1.8367519336096247,1.8398516962521898,1.8419073493892395,1.843078579376383,1.8434587520853343,1.843078579376383,1.8419073493892395,1.8398516962521898,1.8367519336096247,1.8323760268934957,1.8264113346967186,1.818454312341395,1.8079984419257698,1.7944207323412449,1.776967217728709,1.7547379695014975,1.7266722196227835,1.6915342641853695,1.6479008686323855,1.5941509212642369,1.5284580728727297,1.4487870519509216,1.3528942539274722,1.23833306935489,1.1024642435400245,0.9424713559307605,0.7553812821604502,0.5380892681516231,0.2873880189213766,0.0
38,1.9000000000000001,0.0,0.29150257454241263,0.5462746231162898,0.7675513179525373,0.9585003056097774,1.122190582293914,1.2615643804264784,1.3794128246402286,1.4783559276916907,1.5608272881467284,1.629063635833266,1.6850991613578843,1.7307643744415249,1.7676890721561145,1.7973088691713435,1.820874651517479,1.839464263674189,1.8539957237334665,1.865241278416763,1.8738416527380255,1.8803199111640487,1.8850944212232048,1.888490490223834,1.8907503257312808,1.8920410468296933,1.8924605436831867,1.8920410468296933,1.8907503257312808,1.888490490223834,1.8850944212232048,1.8803199111640487,1.8738416527380255,1.865241278416763,1.8539957237334665,1.839464263674189,1.820874651517479,1.7973088691713435,1.7676890721561145,1.7307643744415249,1.6850991613578843,1.629063635833266,1.5608272881467284,1.4783559276916904,1.3794128246402284,1.2615643804264782,1.1221905822939138,0.9585003056097771,0.7675513179525371,0.5462746231162896,0.2915025745424125,0.0
39,1.95,0.0,0.29556347986755344,0.5543543648144783,0.7795670633753005,0.9743310011352304,1.1416806028136808,1.284528101269559,1.4056398908315126,1.5076169699056339,1.592879825461673,1.6636579120834767,1.7219836829119441,1.7696909499597004,1.8084171959271618,1.8396093352790854,1.86453233263676,1.8842800323975903,1.8997875332622676,1.9118444512944257,1.9211084500312943,1.9281184699493705,1.9333071560386066,1.93701205554498,1.9394852331964656,1.9409010247519662,1.9413617192246688,1.9409010247519662,1.9394852331964656,1.93701205554498,1.9333071560386066,1.9281184699493705,1.9211084500312943,1.9118444512944257,1.8997875332622676,1.8842800323975903,1.86453233263676,1.8396093352790854,1.8084171959271618,1.7696909499597004,1.7219836829119441,1.6636579120834767,1.592879825461673,1.5076169699056337,1.4056398908315124,1.2845281012695589,1.1416806028136806,0.9743310011352302,0.7795670633753004,0.5543543648144782,0.2955634798675534,0.0
40,2.0,0.0,0.2995727780079633,0.5623324732648701,0.7914342305911738,0.9899705980603857,1.1609425514491594,1.3072331764868268,1.431584688387589,1.5365793093591804,1.6246243470918038,1.697941631763058,1.7585612868420093,1.8083196399536448,1.848860932602146,1.8816423677818133,1.907941946095986,1.9288684851297695,1.9453731923556017,1.9582621657471,1.9682092240845317,1.975768515374532,1.9813864113532296,1.9854122634612128,1.9881076664634665,1.989653946568095,1.9901576592097059,1.989653946568095,1.9881076664634665,1.9854122634612128,1.9813864113532296,1.975768515374532,1.9682092240845317,1.9582621657471,1.9453731923556017,1.9288684851297695,1.907941946095986,1.8816423677818133,1.848860932602146,1.8083196399536448,1.7585612868420093,1.697941631763058,1.6246243470918038,1.5365793093591802,1.4315846883875887,1.3072331764868266,1.1609425514491591,0.9899705980603853,0.7914342305911736,0.56233247326487,0.2995727780079632,0.0
41,2.05,0.0,0.303532384960142,0.5702126832870129,0.8031581857035421,1.0054258288609312,1.1799842027689225,1.3296880605096655,1.4572559744030624,1.5652516362808766,1.656069135069842,1.7319223725312536,1.7948386077464091,1.8466559619477891,1.8890245752948986,1.9234109919816638,1.9511052632582562,1.9732302009433198,1.9907521861029975,2.004492936329533,2.015141656690605,2.0232670393496344,2.029328630186326,2.033687142764524,2.0366133665694197,2.0382953843051737,2.0388438799763313,2.0382953843051737,2.0366133665694197,2.033687142764524,2.0293286301863254,2.023267039349634,2.0151416566906044,2.004492936329533,1.9907521861029975,1.9732302009433198,1.9511052632582562,1.9234109919816638,1.8890245752948986,1.8466559619477891,1.7948386077464091,1.7319223725312536,1.656069135069842,1.5652516362808764,1.4572559744030622,1.3296880605096653,1.1799842027689222,1.005425828860931,0.8031581857035419,0.5702126832870127,0.3035323849601419,0.0
42,2.1,0.0,0.30744410028148306,0.5779985048760744,0.814743976986674,1.0207030365116352,1.1988128955822512,1.351900753076437,1.4826620593406412,1.5936422269047965,1.6872221104887977,1.765607419176089,1.8308220643670685,1.8847052974386351,1.9289123580881686,1.9649182436109804,1.99402412439867,2.017365873306241,2.0359241458920176,2.050535442944007,2.061903602986957,2.0706112066344025,2.077130422387053,2.081832880548522,2.084998224549219,2.086821054076517,2.08741603981892,2.086821054076517,2.084998224549219,2.081832880548522,2.0771304223870524,2.070611206634402,2.0619036029869564,2.050535442944007,2.0359241458920176,2.017365873306241,1.99402412439867,1.9649182436109804,1.9289123580881686,1.8847052974386351,1.8308220643670685,1.765607419176089,1.6872221104887974,1.5936422269047963,1.482662059340641,1.3519007530764369,1.198812895582251,1.020703036511635,0.8147439769866738,0.5779985048760742,0.30744410028148295,0.0
43,2.15,0.0,0.31130961662444445,0.5856932414204623,0.8261963601778417,1.0358082046590043,1.2174355654454814,1.373878831435064,1.5078108364629546,1.6217589680648858,1.7180908517666362,1.7990037747341872,1.8665178634509079,1.9224728890361038,1.968528447533415,2.0061671561533334,2.036700423514961,2.0612762940757365,2.0808888341402527,2.096388517594183,2.1084930811502054,2.1177983479770663,2.1247885612967727,2.1298458220767458,2.1332582838540937,2.135226820137499,2.135869943607926,2.135226820137499,2.1332582838540937,2.1298458220767453,2.1247885612967723,2.117798347977066,2.108493081150205,2.0963885175941828,2.0808888341402523,2.0612762940757365,2.036700423514961,2.0061671561533334,1.968528447533415,1.9224728890361038,1.8665178634509079,1.7990037747341872,1.7180908517666362,1.6217589680648858,1.5078108364629543,1.3738788314350638,1.2174355654454811,1.035808204659004,0.8261963601778415,0.5856932414204621,0.31130961662444434,0.0
44,2.2,0.0,0.3151305282746784,0.5933000060344698,0.8375198211962734,1.0507469848019535,1.2358587740625824,1.3956294796306097,1.5327098088095805,1.6496093800006428,1.7486826119118066,1.832118171434101,1.9019320042038865,1.959963838839906,2.0078769358485116,2.0471607501173867,2.079136095133976,2.1049623393367294,2.1256461305614636,2.142051132248547,2.154908262711929,2.1648259533715755,2.1722999800569625,2.1777224698912248,2.1813897417010555,2.1835086976788944,2.1842015460813924,2.183508697678894,2.181389741701055,2.1777224698912243,2.172299980056962,2.164825953371575,2.1549082627119285,2.1420511322485467,2.125646130561463,2.104962339336729,2.079136095133976,2.0471607501173867,2.0078769358485116,1.959963838839906,1.9019320042038865,1.832118171434101,1.7486826119118066,1.6496093800006426,1.5327098088095803,1.3956294796306095,1.2358587740625822,1.050746984801953,0.8375198211962731,0.5933000060344695,0.3151305282746783,0.0
45,2.25,0.0,0.31890833881725555,0.6008217362387744,0.8487185966017797,1.0655247208354963,1.254088735935471,1.417159515193862,1.5573661139626696,1.677200637522485,1.779004334833368,1.8649570814057381,1.9370702831939723,1.9971831078441316,2.046961835571291,2.0879020240147073,2.1213331028838995,2.1484249568940137,2.170196019827172,2.1875223877334515,2.201147463474337,2.21169166546558,2.219661767640686,2.225459482274799,2.2293889494918875,2.231662854511199,2.2324069539666,2.231662854511199,2.229388949491887,2.2254594822747986,2.2196617676406856,2.2116916654655796,2.2011474634743364,2.187522387733451,2.1701960198271717,2.1484249568940132,2.121333102883899,2.0879020240147073,2.046961835571291,1.9971831078441316,1.9370702831939723,1.8649570814057381,1.779004334833368,1.6772006375224848,1.5573661139626693,1.4171595151938619,1.2540887359354709,1.0655247208354959,0.8487185966017793,0.6008217362387742,0.31890833881725544,0.0
46,2.3000000000000003,0.0,0.3226444680374077,0.6082612071887066,0.8597966920624145,1.0801464712644413,1.272131342573321,1.4384754135083515,1.5817865468181096,1.704539589673373,1.8090626707426432,1.897526727114895,1.971938299585621,2.0341355161951666,2.0857870754598844,2.1283939468227664,2.163293429626321,2.1916651552434483,2.2145385804933717,2.232801503576699,2.247209134999491,2.25839327314244,2.2668711646740234,2.273053671168188,2.277252412427622,2.279685611780936,2.2804824270778545,2.2796856117809354,2.2772524124276217,2.2730536711681877,2.266871164674023,2.2583932731424397,2.2472091349994905,2.2328015035766984,2.2145385804933713,2.1916651552434483,2.163293429626321,2.1283939468227664,2.0857870754598844,2.0341355161951666,1.971938299585621,1.897526727114895,1.8090626707426432,1.7045395896733728,1.5817865468181094,1.4384754135083513,1.2721313425733207,1.080146471264441,0.8597966920624143,0.6082612071887064,0.3226444680374076,0.0
47,2.35,0.0,0.32634025814734924,0.6156210436225316,0.8707578990638353,1.0946170293532453,1.2899921845305513,1.4595833300998036,1.6059775805556975,1.7316327780119487,1.838863990694673,1.9298330914946213,2.0065414606098417,2.0708257441548636,2.1243564974592197,2.1686394517409133,2.205019068964267,2.234683993863406,2.2586739750709888,2.27788780872506,2.293091856642703,2.304928705293341,2.313925559103905,2.320501999631296,2.3249767884323007,2.327573443847481,2.3284243785239145,2.327573443847481,2.3249767884323003,2.3205019996312957,2.3139255591039047,2.3049287052933405,2.2930918566427025,2.27788780872506,2.2586739750709888,2.234683993863406,2.205019068964267,2.1686394517409133,2.1243564974592197,2.0708257441548636,2.0065414606098417,1.9298330914946213,1.838863990694673,1.7316327780119487,1.6059775805556975,1.4595833300998033,1.289992184530551,1.0946170293532451,0.870757899063835,0.6156210436225313,0.3263402581473491,0.0
48,2.4,0.0,0.32999697941821493,0.6229037306786421,0.8816058100619704,1.10894094144352,1.3076765715092868,1.4804891210630167,1.6299453859809436,1.7584864536317797,1.868414400317733,1.9618819277549535,2.0408849871915127,2.1072583336434043,2.162673854577413,2.208641431070482,2.2465120179622717,2.277482574682664,2.302602441127993,2.3227807330626637,2.3387943280991745,2.351296024789981,2.3608224817603056,2.3678015789278377,2.3725588864882483,2.375322977436911,2.376229374146351,2.3753229774369107,2.372558886488248,2.3678015789278373,2.360822481760305,2.3512960247899803,2.3387943280991745,2.3227807330626637,2.302602441127993,2.277482574682664,2.2465120179622717,2.208641431070482,2.162673854577413,2.1072583336434043,2.0408849871915122,1.9618819277549533,1.868414400317733,1.7584864536317797,1.6299453859809436,1.4804891210630167,1.3076765715092868,1.1089409414435198,0.88160581006197,0.6229037306786419,0.3299969794182148,0.0
49,2.45,0.0,0.3336158352855579,0.6301116237107522,0.8923438322541817,1.1231225236410254,1.3251895507328928,1.501198361815948,1.6536958493926475,1.7851065930212915,1.8977197527782623,1.9936787688600954,2.0749739196700054,2.14343769025535,2.200742809536904,2.2484027320708053,2.2877742709326467,2.320062034594919,2.3463242833201203,2.3674797996612837,2.384315362432476,2.397493422663932,2.4075596018533387,2.414949665302848,2.4199956644743237,2.422930990177858,2.4238941312984057,2.4229309901778575,2.4199956644743232,2.4149496653028475,2.4075596018533383,2.3974934226639317,2.3843153624324755,2.3674797996612833,2.3463242833201203,2.320062034594919,2.2877742709326467,2.2484027320708053,2.200742809536904,2.14343769025535,2.074973919670005,1.9936787688600952,1.897719752778262,1.7851065930212915,1.6536958493926475,1.501198361815948,1.3251895507328926,1.1231225236410252,0.8923438322541816,0.6301116237107521,0.3336158352855578,0.0
50,2.5,0.0,0.33719796698784404,0.6372469572133566,0.9029752001216031,1.1371658770486046,1.3425359237720378,1.5217163643487739,1.677234589113969,1.8114989128597245,1.9267856610270115,2.025228936667903,2.108813123561041,2.1793680856583997,2.238566934083291,2.2879261536610067,2.3288078141582815,2.3624235389030757,2.3898398662561258,2.4119846176981063,2.4296538795537654,2.4435192124954237,2.454134722439512,2.461943656514158,2.467284226588548,2.4703944086134797,2.4714155170627716,2.4703944086134797,2.4672842265885477,2.4619436565141575,2.4541347224395116,2.4435192124954237,2.4296538795537654,2.4119846176981063,2.3898398662561258,2.3624235389030757,2.3288078141582815,2.2879261536610067,2.2385669340832908,2.1793680856583992,2.1088131235610406,2.0252289366679026,1.9267856610270113,1.8114989128597245,1.677234589113969,1.5217163643487739,1.3425359237720378,1.1371658770486044,0.9029752001216029,0.6372469572133564,0.337197966987844,0.0
51,2.5500000000000003,0.0,0.34074445778972084,0.6443118529553311,0.9135029868760124,1.1510749016996749,1.3597202619829813,1.5420481931165437,1.70056697081017,1.8376688838358886,1.9556175093702612,2.056537550730925,2.1424072953174487,2.215053660298051,2.2761497088505545,2.3272144438534106,2.3696146214369476,2.4045682755883653,2.4331496081118575,2.456294875981129,2.4748089001214963,2.4893718250117227,2.5005457758859477,2.508781088171273,2.5144218204274047,2.5177103057735737,2.5187905459963145,2.5177103057735737,2.5144218204274047,2.5087810881712724,2.5005457758859473,2.4893718250117227,2.4748089001214963,2.456294875981129,2.4331496081118575,2.4045682755883653,2.3696146214369476,2.3272144438534106,2.276149708850554,2.2150536602980506,2.1424072953174482,2.0565375507309245,1.9556175093702608,1.8376688838358883,1.70056697081017,1.5420481931165437,1.3597202619829813,1.1510749016996746,0.9135029868760122,0.6443118529553309,0.34074445778972073,0.0
52,2.6,0.0,0.34425633683525897,0.6513083274072419,0.9239301149280718,1.1648533093280797,1.3767469206988994,1.5621986797072045,1.7236981217032445,1.8636217435686546,1.984220464407765,2.0876095367615406,2.175760968054567,2.2504984263428867,2.313494523694921,2.3662702978184633,2.410196650345104,2.446497450310325,2.4762539749155192,2.500410337027016,2.5197795398325873,2.53504980289333,2.5467908193567173,2.5554596299281878,2.5614058337855767,2.564875898381524,2.566016377480141,2.564875898381524,2.5614058337855767,2.5554596299281878,2.5467908193567173,2.53504980289333,2.5197795398325873,2.500410337027016,2.4762539749155192,2.446497450310325,2.4101966503451036,2.366270297818463,2.3134945236949207,2.250498426342886,2.1757609680545666,2.08760953676154,1.9842204644077646,1.8636217435686544,1.7236981217032443,1.5621986797072045,1.3767469206988991,1.1648533093280795,0.9239301149280715,0.6513083274072416,0.34425633683525886,0.0
53,2.65,0.0,0.347734582670746,0.6582382985373356,0.9342593654794569,1.1785046350938113,1.3936200522986577,1.582172436402091,1.7466329437822108,1.8893625087009749,2.0125994853767657,2.118449634766239,2.2088785172126633,2.2857062708150795,2.350604678421412,2.4050963564933605,2.450555839130866,2.488212282053537,2.519153475433857,2.5443308316407536,2.5645650040774863,2.5805517957847584,2.5928680303413465,2.6019770815706105,2.6082337912323577,2.6118885437621944,2.6130903127445126,2.6118885437621944,2.6082337912323577,2.6019770815706105,2.5928680303413465,2.5805517957847584,2.5645650040774863,2.5443308316407536,2.519153475433857,2.488212282053537,2.4505558391308657,2.40509635649336,2.3506046784214116,2.285706270815079,2.208878517212663,2.1184496347662387,2.0125994853767653,1.8893625087009744,1.7466329437822103,1.5821724364020908,1.3936200522986575,1.1785046350938109,0.9342593654794565,0.6582382985373355,0.3477345826707459,0.0
54,2.7,0.0,0.3511801264717524,0.6651035920420694,0.9444933873291027,1.1920322483700243,1.4103436182631566,1.601973868733048,1.7693761260976022,1.9148959862326762,2.0407593339390697,2.149062406855855,2.241764166134281,2.3206809588590946,2.387483383837315,2.443695205657521,2.4906941041562694,2.529713999346128,2.5618486565959353,2.588056253950738,2.609164582933147,2.625876555505578,2.6387757022421527,2.648331369032573,2.6549033505139756,2.6587457365090543,2.66000979162999,2.6587457365090543,2.6549033505139756,2.648331369032573,2.6387757022421527,2.625876555505578,2.609164582933147,2.588056253950738,2.5618486565959353,2.529713999346128,2.4906941041562694,2.4436952056575207,2.3874833838373144,2.320680958859094,2.2417641661342804,2.1490624068558546,2.0407593339390693,1.9148959862326758,1.7693761260976018,1.6019738687330476,1.4103436182631561,1.1920322483700239,0.9444933873291025,0.6651035920420693,0.35118012647175234,0.0
55,2.75,0.0,0.35459385500500773,0.6719059470691355,0.9546347049730816,1.2054393626844935,1.4269214003168913,1.6216071871290025,1.7919321562196497,1.9402267841513534,2.0687045834458213,2.179452244739903,2.274421991538995,2.3554261371087324,2.424133763075674,2.482069375407528,2.530613337818173,2.571003836983077,2.604340099397518,2.631586556857036,2.6535776464695804,2.671022931456631,2.684512240034046,2.694520540372617,2.7014122988249167,2.705445104961826,2.706772389138875,2.705445104961826,2.7014122988249167,2.694520540372617,2.684512240034046,2.671022931456631,2.6535776464695804,2.631586556857036,2.604340099397518,2.571003836983077,2.530613337818173,2.482069375407528,2.424133763075674,2.355426137108732,2.2744219915389947,2.1794522447399025,2.068704583445821,1.940226784151353,1.7919321562196493,1.6216071871290023,1.426921400316891,1.2054393626844933,0.9546347049730813,0.6719059470691354,0.3545938550050077,0.0
56,2.8000000000000003,0.0,0.3579766133519927,0.6786470214841067,0.9646857260683687,1.218729044897976,1.4433570107414408,1.6410764177348014,1.8143053309315686,1.965359321415306,2.096439627712365,2.2096233769140414,2.3068559288818595,2.3899453371188013,2.4605588531396445,2.5202213399726685,2.570315406885484,2.6120830331948244,2.6466284152348276,2.6749217478544396,2.6978036403473045,2.715989866215817,2.730076156007867,2.740542761735428,2.7477585489856935,2.7519844075394295,2.753375811824286,2.7519844075394295,2.7477585489856935,2.740542761735428,2.730076156007867,2.715989866215817,2.6978036403473045,2.6749217478544396,2.6466284152348276,2.6120830331948244,2.570315406885484,2.5202213399726685,2.4605588531396445,2.3899453371188013,2.306855928881859,2.209623376914041,2.0964396277123645,1.9653593214153056,1.8143053309315682,1.6410764177348012,1.4433570107414406,1.2187290448979757,0.9646857260683684,0.6786470214841066,0.35797661335199266,0.0
57,2.85,0.0,0.3613292074180123,0.6853283967258824,0.974648748322666,1.2319042236926292,1.4596539019380474,1.6603854124763142,1.8364997662222007,1.9902978373375977,2.1239686893334038,2.239579875550304,2.3390697775849594,2.4242419788329514,2.4967616066251845,2.5581535178195023,2.609802151197686,2.6529528272081944,2.688714242621789,2.718061885195405,2.7418420816846365,2.7607763913174344,2.7754660656061416,2.7863963133210037,2.793940135559554,2.7983615289673685,2.799817894058254,2.7983615289673685,2.793940135559554,2.7863963133210037,2.7754660656061416,2.7607763913174344,2.7418420816846365,2.718061885195405,2.688714242621789,2.6529528272081944,2.609802151197686,2.5581535178195023,2.4967616066251845,2.4242419788329514,2.3390697775849594,2.2395798755503034,2.123968689333403,1.990297837337597,1.8364997662222002,1.6603854124763138,1.4596539019380472,1.231904223692629,0.9746487483226658,0.6853283967258823,0.3613292074180122,0.0
58,2.9,0.0,0.3646524062477701,0.6919515822909389,0.9845259658654087,1.244967697435458,1.475815375308026,1.679537858438028,1.8585194066358506,2.015046400415902,2.151295827566575,2.2693256631000898,2.3710672061341644,2.458319374063707,2.5327448935854715,2.595868272000498,2.6490753826761955,2.6936144571526004,2.730598244249619,2.761007074361355,2.785692555175337,2.8053816232089113,2.820680683358241,2.832079585380156,2.8399552109361563,2.84457447643349,2.8460965942148237,2.84457447643349,2.8399552109361563,2.832079585380156,2.820680683358241,2.8053816232089113,2.785692555175337,2.761007074361355,2.730598244249619,2.6936144571526004,2.6490753826761955,2.595868272000498,2.5327448935854715,2.458319374063707,2.3710672061341644,2.2693256631000893,2.151295827566574,2.015046400415901,1.8585194066358497,1.6795378584380276,1.4758153753080256,1.2449676974354578,0.9845259658654085,0.6919515822909387,0.36465240624777,0.0
59,2.95,0.0,0.3679469441660773,0.6985180198818639,0.9943194751489137,1.2579221414746369,1.4918445895123658,1.6985372866124733,1.8803680340314894,2.039608916648813,2.1784249458106433,2.2988645186200856,2.4028517570352945,2.4921807299646037,2.568511503505429,2.6333679107074386,2.6881368846058638,2.734069158269799,2.772281104351979,2.8037574648137658,2.8293547094385914,2.8498047593786127,2.8657188189202887,2.877591074252097,2.8858020414062886,2.8906213757014734,2.892209990799315,2.8906213757014734,2.8858020414062886,2.877591074252097,2.8657188189202887,2.8498047593786127,2.8293547094385914,2.8037574648137658,2.772281104351979,2.734069158269799,2.6881368846058638,2.6333679107074386,2.568511503505429,2.4921807299646037,2.4028517570352945,2.298864518620085,2.178424945810643,2.0396089166488123,1.8803680340314886,1.6985372866124726,1.4918445895123653,1.2579221414746364,0.9943194751489135,0.6985180198818638,0.36794694416607726,0.0
60,3.0,0.0,0.37121352276024144,0.7050290872517099,1.0040312804232285,1.2707701149202486,1.507744568165364,1.7173870800747273,1.9020492757983987,2.0639891373757178,2.205359798702651,2.328200083831338,2.4344268516257874,2.5258291524776637,2.604064147359245,2.670654687995372,2.726988411149083,2.7743181613901995,2.8137635263428056,2.8463132469992556,2.872828253584742,2.8940450746484014,2.9105793732237872,2.922929378457403,2.9314790032481817,2.9365004672073116,2.9381562785506503,2.9365004672073116,2.9314790032481817,2.922929378457403,2.9105793732237872,2.8940450746484014,2.872828253584742,2.8463132469992556,2.8137635263428056,2.7743181613901995,2.726988411149083,2.670654687995372,2.604064147359245,2.5258291524776633,2.434426851625787,2.3282000838313373,2.2053597987026503,2.063989137375717,1.9020492757983978,1.7173870800747266,1.5077445681653636,1.2707701149202484,1.0040312804232283,0.7050290872517098,0.3712135227602414,0.0
61,3.0500000000000003,0.0,0.3744528127188484,0.7114861017722235,1.0136632988235024,1.2835140669554703,1.5235182070113917,1.7360904816298584,1.9235666125708097,2.08819066667405,2.232103998856688,2.3573358689216204,2.465795794739413,2.559267649742265,2.6394054597275565,2.70773080464729,2.765631687059485,2.8143626916429296,2.8550462306974747,2.8886746495853957,2.916112953981482,2.9381019176246785,2.9552613347357535,2.9680931948572913,2.976984578842908,2.9822101021604195,2.983933764539778,2.9822101021604195,2.976984578842908,2.9680931948572913,2.9552613347357535,2.9381019176246785,2.916112953981482,2.8886746495853957,2.8550462306974747,2.8143626916429296,2.765631687059485,2.70773080464729,2.639405459727556,2.5592676497422646,2.4657957947394125,2.3573358689216195,2.232103998856687,2.0881906666740493,1.9235666125708089,1.7360904816298577,1.5235182070113913,1.28351406695547,1.013663298823502,0.7114861017722234,0.37445281271884834,0.0
62,3.1,0.0,0.3776654555400527,0.7178903237509797,1.0232173651045353,1.2961563427193739,1.5391682806288092,1.7546506009763723,1.9449233854800576,2.112216968344852,2.2586610232653412,2.386275258101116,2.4969617792228695,2.592499135453973,2.674538000954359,2.7445984091536206,2.804068407566267,2.854203967370676,2.8961299530510787,2.9308419369062575,2.95920863120644,2.981974707301716,2.9997637758321285,3.013081314888205,3.0223173528335554,3.0277487386677624,3.029540864283906,3.0277487386677624,3.0223173528335554,3.013081314888205,2.9997637758321285,2.981974707301716,2.95920863120644,2.9308419369062575,2.8961299530510787,2.854203967370676,2.804068407566267,2.7445984091536206,2.674538000954359,2.592499135453973,2.496961779222869,2.386275258101115,2.2586610232653404,2.112216968344851,1.944923385480057,1.7546506009763716,1.5391682806288087,1.2961563427193736,1.023217365104535,0.7178903237509796,0.37766545554005265,0.0
63,3.15,0.0,0.380852065121071,0.7242429595197565,1.032695236053475,1.308699188798198,1.554697448700563,1.773070421424476,1.9661228029791324,2.1360713725148615,2.2850342193834305,2.4150215149212193,2.527927890304098,2.625526432163929,2.709464259326654,2.7812595987840543,2.8423002384037286,2.893843199223648,2.9370154424904777,2.972815406598731,3.0021151571732267,3.0256629298112063,3.044085849285375,3.0578926208789565,3.0674760083405155,3.0731149378966087,3.074976097893214,3.0731149378966087,3.0674760083405155,3.0578926208789565,3.044085849285375,3.0256629298112063,3.0021151571732267,2.972815406598731,2.9370154424904777,2.893843199223648,2.8423002384037286,2.7812595987840543,2.709464259326654,2.625526432163929,2.527927890304098,2.415021514921219,2.2850342193834297,2.1360713725148606,1.9661228029791316,1.7730704214244752,1.5546974487005625,1.3086991887981976,1.0326952360534747,0.7242429595197563,0.3808520651210709,0.0
64,3.2,0.0,0.3840132292393414,0.73054516431414,1.0420985946084205,1.3211447583581735,1.5701082618870117,1.7913528062041963,1.9871679472713124,2.159757081881028,2.3112268109122605,2.4435777873660522,2.558697109813038,2.658352274511273,2.744186653262316,2.8177164207321983,2.8803288159637734,2.9332815894099817,2.977703460019277,3.014595387412588,3.0448324524190555,3.069166135312115,3.088226784866431,3.1025260824561993,3.112459323243089,3.1183073602889246,3.1202380862641026,3.1183073602889246,3.112459323243089,3.1025260824561993,3.088226784866431,3.069166135312115,3.0448324524190555,3.014595387412588,2.977703460019277,2.9332815894099817,2.8803288159637734,2.8177164207321983,2.744186653262316,2.658352274511273,2.558697109813038,2.443577787366052,2.3112268109122596,2.159757081881027,1.9871679472713115,1.7913528062041955,1.570108261887011,1.321144758358173,1.04209859460842,0.7305451643141397,0.3840132292393413,0.0
65,3.25,0.0,0.38714951093470806,0.7367980449622624,1.0514290537077968,1.3334951159495987,1.5854031673329945,1.8095005043950099,2.008061780371639,2.18327717762112,2.3372419033013694,2.471947112725954,2.589272320256197,2.690979312382599,2.7787075334939693,2.85397087331621,2.9181557475518836,2.9725203310825887,3.0181947771772073,3.0561822371788803,3.0873604835429957,3.112483935015085,3.1321858860606193,3.146980753042647,3.1572661665357153,3.1633247618383065,3.165325547330715,3.1633247618383065,3.1572661665357153,3.146980753042647,3.1321858860606193,3.112483935015085,3.0873604835429957,3.0561822371788803,3.0181947771772073,2.9725203310825887,2.9181557475518836,2.85397087331621,2.7787075334939693,2.6909793123825985,2.5892723202561965,2.4719471127259536,2.337241903301369,2.1832771776211195,2.008061780371638,1.809500504395009,1.5854031673329938,1.3334951159495982,1.0514290537077964,0.7367980449622621,0.38714951093470795,0.0
66,3.3000000000000003,0.0,0.3902614498010275,0.7430026623987339,1.0606881598928684,1.3457522420089196,1.6005845138380284,1.8275161565056535,2.028807149827434,2.2066346249921973,2.3630824889836286,2.5001324222620194,2.6196563087470306,2.72341011399375,2.813029185238528,2.890024907220896,2.9557826117295596,3.011560607844785,3.0584901747973414,3.0975763409228114,3.1296992607848084,3.155615998335826,3.1759625268965364,3.191255766451367,3.201895494765599,3.208165990438365,3.210237292384415,3.208165990438365,3.201895494765599,3.191255766451367,3.1759625268965364,3.155615998335826,3.1296992607848084,3.0975763409228114,3.0584901747973414,3.011560607844785,2.9557826117295596,2.890024907220896,2.8130291852385274,2.7234101139937494,2.61965630874703,2.500132422262019,2.363082488983628,2.206634624992197,2.028807149827433,1.8275161565056528,1.600584513838028,1.3457522420089192,1.060688159892868,0.7430026623987336,0.39026144980102734,0.0
67,3.35,0.0,0.3933495631947348,0.7491600340182052,1.0698773966834807,1.3579180370828836,1.6156545567157155,1.8454022997301045,2.0494067941217047,2.2298322786369207,2.388751452358407,2.528136545670357,2.649851770794553,2.7556471688904702,2.8471538303437796,2.9258804267687397,2.993210958728368,3.0504035933591274,3.0985904418864623,3.1387781091085962,3.1718488357351147,3.1985620501720873,3.219556148886572,3.235350333578474,3.246346348557011,3.252829982309801,3.254972222469122,3.252829982309801,3.246346348557011,3.235350333578474,3.219556148886572,3.1985620501720873,3.1718488357351147,3.1387781091085962,3.0985904418864623,3.0504035933591274,2.993210958728368,2.9258804267687397,2.8471538303437796,2.7556471688904702,2.649851770794553,2.5281365456703564,2.3887514523584064,2.22983227863692,2.049406794121704,1.8454022997301038,1.6156545567157148,1.3579180370828832,1.0698773966834803,0.7491600340182049,0.39334956319473463,0.0
68,3.4,0.0,0.3964143473671527,0.755271135881556,1.0789981877451658,1.369994325796539,1.6306154623659808,1.863161372903327,2.0698633477812276,2.2528728876160677,2.4142515745366118,2.555962215354494,2.6798613139529825,2.787692890865327,2.8810836294048223,2.9615392912091623,3.030442310922668,3.0890504510457406,3.1384963746154564,3.1797879760050094,3.2138092991683793,3.2413218682990417,3.262966258077325,3.2792637391957196,3.290617849226363,3.2973157585119433,3.299529324858868,3.2973157585119433,3.290617849226363,3.2792637391957196,3.262966258077325,3.2413218682990417,3.2138092991683793,3.1797879760050094,3.1384963746154564,3.0890504510457406,3.030442310922668,2.9615392912091623,2.881083629404822,2.7876928908653267,2.679861313952982,2.5559622153544934,2.4142515745366113,2.252872887616067,2.0698633477812267,1.863161372903326,1.6306154623659799,1.3699943257965383,1.078998187745165,0.7552711358815556,0.39641434736715253,0.0
69,3.45,0.0,0.3994562785266492,0.7613369047864135,1.0880518998639466,1.3819828605847169,1.645469312581527,1.8807957211782296,2.090179346209224,2.2757591001842306,2.4395855378604656,2.5836120705140364,2.7096874613354904,2.8195496207891995,2.9148206838444337,2.9970033160168366,3.0674781633497603,3.1275023338580707,3.1782087754080885,3.2206063981614683,3.2555807789908555,3.2838952808780335,3.3061924222079013,3.32299533884373,3.334709195491055,3.3416224215432124,3.3439076696225305,3.3416224215432124,3.334709195491055,3.32299533884373,3.3061924222079013,3.2838952808780335,3.2555807789908555,3.2206063981614683,3.1782087754080885,3.1275023338580707,3.0674781633497603,2.9970033160168366,2.9148206838444333,2.819549620789199,2.70968746133549,2.5836120705140355,2.4395855378604647,2.2757591001842297,2.090179346209223,1.8807957211782287,1.6454693125815263,1.3819828605847162,1.088051899863946,0.761336904786413,0.399456278526649,0.0
70,3.5,0.0,0.40247581383615816,0.7673582402125811,1.0970398457436297,1.3938853252048093,1.6602181086079173,1.8983076004434016,2.110357230260827,2.2984934683242786,2.4647559302100306,2.6110886610573676,2.7393326549954127,2.8512196293563288,2.9483670379525795,3.0322742741912596,3.1043199842676885,3.1657603841254285,3.2177284521177474,3.261233852985466,3.297163438296278,3.3262821640739273,3.3492342679738374,3.366544555826066,3.3786196602742278,3.385749152033896,3.3881064062795847,3.385749152033896,3.3786196602742278,3.366544555826066,3.3492342679738374,3.3262821640739273,3.297163438296278,3.2612338529854656,3.217728452117747,3.165760384125428,3.104319984267688,3.032274274191259,2.948367037952579,2.851219629356328,2.739332654995412,2.6110886610573667,2.4647559302100297,2.298493468324278,2.1103572302608264,1.898307600443401,1.6602181086079169,1.393885325204809,1.0970398457436292,0.7673582402125808,0.402475813836158,0.0
71,3.5500000000000003,0.0,0.405473392351042,0.7733360061519388,1.1059632866389597,1.405703338046976,1.6748637749749513,1.91569918149943,2.1303993505780685,2.321078452055047,2.489765249107769,2.6383944513458863,2.768799259178363,2.8827051197425204,2.9817246808811926,3.067353897550977,3.1409692157422358,3.203825733452988,3.2570562172829334,3.3016708374130443,3.338557473522595,3.3684824397763764,3.3920914783942258,3.4099108783037115,3.4223485876066975,3.42969520553363,3.432124760549619,3.42969520553363,3.4223485876066975,3.4099108783037115,3.3920914783942258,3.3684824397763764,3.338557473522595,3.3016708374130443,3.2570562172829334,3.203825733452988,3.1409692157422353,3.0673538975509764,2.981724680881192,2.8827051197425195,2.768799259178362,2.6383944513458855,2.489765249107768,2.3210784520550467,2.130399350578068,1.9156991814994293,1.6748637749749506,1.4057033380469754,1.1059632866389593,0.7733360061519384,0.40547339235104185,0.0
72,3.6,0.0,0.40844943590180416,0.7792710328314654,1.114823434836768,1.4174384552564414,1.6894081631153917,1.9329725540101053,2.1503079716997187,2.343516423525609,2.514615905631675,2.6655318237769707,2.7980895634488854,2.9140082301765853,3.0148955485911704,3.102243878016901,3.1774272742558174,3.241699502671053,3.2961928874532536,3.341917866664818,3.3797631127036163,3.410496073420597,3.434763790279461,3.4530938564892044,3.4658953896267195,3.473459909395143,3.475962031197541,3.473459909395143,3.4658953896267195,3.4530938564892044,3.434763790279461,3.410496073420597,3.3797631127036163,3.341917866664818,3.296192887453253,3.2416995026710524,3.1774272742558165,3.1022438780169,3.0148955485911695,2.9140082301765844,2.7980895634488845,2.66553182377697,2.514615905631674,2.343516423525608,2.150307971699718,1.9329725540101048,1.6894081631153912,1.417438455256441,1.1148234348367676,0.7792710328314649,0.40844943590180394,0.0
73,3.65,0.0,0.4114043499257387,0.7851641183372501,1.123621455996127,1.4290921736812214,1.7038530547857087,1.9501297302434095,2.1700852759600795,2.3658096709084826,2.539310228146858,2.692503082212584,2.8272057856953126,2.945131036425566,3.047881525749297,3.1369458688800598,3.213695551331936,3.279382801826396,3.3351392825785915,3.3819754730807605,3.420780613809823,3.45232307190337,3.4772509917969048,3.4960930999391886,3.509259543677617,3.5170426597551465,3.519617586975594,3.5170426597551465,3.509259543677617,3.4960930999391886,3.4772509917969048,3.45232307190337,3.420780613809823,3.38197547308076,3.335139282578591,3.2793828018263955,3.213695551331935,3.136945868880059,3.047881525749296,2.945131036425565,2.8272057856953117,2.6925030822125833,2.5393102281468574,2.365809670908482,2.170085275960079,1.950129730243409,1.7038530547857083,1.429092173681221,1.1236214559961264,0.7851641183372496,0.4114043499257385,0.0
74,3.7,0.0,0.4143385242512261,0.7910160301466195,1.1323584713575343,1.4406659336574246,1.7182001653022163,1.9671726486159544,2.1897333671897385,2.3879604021032836,2.563850465864889,2.719310455260141,2.8561500750165925,2.976075554194607,3.080684447573336,3.171461486049929,3.2497754141698363,3.316876730209349,3.373896225454932,3.421844205027609,3.4616102631731054,3.4939634815901766,3.5195529201317206,3.5389082749439305,3.5524405895028535,3.5604429186126016,3.563090863662686,3.5604429186126016,3.5524405895028535,3.5389082749439305,3.5195529201317206,3.493963481590176,3.461610263173105,3.4218442050276088,3.3738962254549314,3.3168767302093483,3.2497754141698354,3.171461486049928,3.080684447573335,2.976075554194606,2.856150075016592,2.7193104552601404,2.5638504658648884,2.387960402103283,2.189733367189738,1.9671726486159538,1.7182001653022159,1.4406659336574241,1.1323584713575339,0.791016030146619,0.41433852425122586,0.0
75,3.75,0.0,0.4172523338380493,0.7968275065748767,1.1410355598302604,1.45216112164322,1.7324511466048576,1.9841031770534032,2.2092542742302568,2.4099707482614603,2.5882387922396055,2.745956099411973,2.8849245144948235,3.0068437414426685,3.1133061016241417,3.2057923092801675,3.285668206284669,3.354182376411151,3.41246454122101,3.4615246258733054,3.502252373990506,3.535417386409551,3.5616694592400475,3.5815391020120253,3.595438126537668,3.6036602110040925,3.60638136120094,3.6036602110040925,3.595438126537668,3.5815391020120253,3.561669459240047,3.5354173864095504,3.5022523739905056,3.461524625873305,3.4124645412210097,3.35418237641115,3.2856682062846683,3.2057923092801666,3.113306101624141,3.0068437414426676,2.8849245144948226,2.745956099411972,2.588238792239605,2.40997074826146,2.2092542742302563,1.9841031770534026,1.732451146604857,1.4521611216432195,1.14103555983026,0.7968275065748763,0.41725233383804916,0.0
76,3.8000000000000003,0.0,0.42014613947680385,0.8025992581425758,1.1496537599661714,1.4635790727116123,1.7466075901598614,2.0009231161784236,2.2286499542738785,2.4318427671420615,2.612477308207607,2.7724421020495007,2.913531123857262,3.0374375006154963,3.145748229544014,3.2399398833691944,3.321375248149257,3.3913008184067226,3.450845056900638,3.5010173130234397,3.5427072849024257,3.576684906030886,3.6036005376916673,3.6239853534483624,3.638251811296084,3.6466941222756,3.6494886409289693,3.6466941222756,3.638251811296084,3.6239853534483624,3.6036005376916673,3.5766849060308856,3.5427072849024253,3.501017313023439,3.4508450569006377,3.3913008184067217,3.321375248149256,3.2399398833691935,3.145748229544013,3.0374375006154954,2.913531123857261,2.7724421020495,2.6124773082076063,2.4318427671420606,2.228649954273878,2.0009231161784227,1.7466075901598608,1.4635790727116118,1.149653759966171,0.8025992581425755,0.4201461394768037,0.0
77,3.85,0.0,0.4230202884502041,0.8083319688687274,1.1582140718276632,1.474921072911298,1.7606710297115609,2.0176342023367697,2.247922296038488,2.453578446307748,2.636568045281128,2.7987704843179193,2.941971862031556,3.067858680797458,3.1780125287409713,3.273905719333554,3.356897837834083,3.4282331236586314,3.489038600986053,3.5403228570150707,3.5829753586410957,3.617766194122085,3.64534612659931,3.6662468510232165,3.6808813548517842,3.6895442954495894,3.6924123229108874,3.6895442954495894,3.6808813548517842,3.6662468510232165,3.64534612659931,3.6177661941220847,3.5829753586410953,3.5403228570150698,3.489038600986052,3.4282331236586305,3.356897837834082,3.2739057193335532,3.1780125287409704,3.0678586807974573,2.941971862031555,2.7987704843179184,2.6365680452811273,2.453578446307747,2.247922296038487,2.017634202336769,1.7606710297115602,1.4749210729112976,1.158214071827663,0.8083319688687272,0.423020288450204,0.0
78,3.9,0.0,0.42587511515884957,0.8140262974948811,1.1667174587566593,1.4861883615041143,1.7746429438928495,2.0342381104713074,2.2670731227873424,2.4751797061697047,2.6605129685006013,2.8249432038769946,2.970248629597871,3.0981090797840394,3.2101006540188908,3.307691295552474,3.3922372516426695,3.4649803492385947,3.527046003058197,3.579441860663775,3.623056980745355,3.658661436683623,3.6869062376317334,3.708323463730214,3.723326520411142,3.732210428686029,3.735152083359833,3.732210428686029,3.723326520411142,3.708323463730214,3.6869062376317334,3.658661436683623,3.6230569807453548,3.579441860663774,3.5270460030581963,3.4649803492385938,3.3922372516426686,3.3076912955524733,3.21010065401889,3.0981090797840385,2.97024862959787,2.8249432038769937,2.6605129685006004,2.475179706169704,2.2670731227873415,2.0342381104713065,1.7746429438928488,1.4861883615041138,1.1667174587566589,0.8140262974948808,0.42587511515884946,0.0
79,3.95,0.0,0.4287109417137945,0.8196828786446109,1.1751648490510682,1.4973821330869053,1.7885247587029893,2.050736456853011,2.28610419520234,2.496648402889478,2.68431397925374,2.8509621575333144,2.998363271141582,3.128190446076904,3.2420142191537784,3.341298058882407,3.4273947447399937,3.5015435419633216,3.564868093440263,3.6183749382601107,3.6629525583381066,3.6993708504556984,3.728280921107748,3.750215105630844,3.765587120976439,3.774692272835693,3.7777076521544317,3.774692272835693,3.765587120976439,3.750215105630844,3.728280921107748,3.699370850455698,3.662952558338106,3.6183749382601103,3.5648680934402623,3.5015435419633207,3.427394744739993,3.341298058882406,3.2420142191537775,3.128190446076903,2.998363271141581,2.8509621575333135,2.684313979253739,2.4966484028894773,2.286104195202339,2.05073645685301,1.7885247587029884,1.4973821330869046,1.1751648490510678,0.8196828786446105,0.4287109417137943,0.0
80,4.0,0.0,0.43152807849806984,0.8253023239225491,1.1835571375545746,1.5085035396049864,1.8023178498608163,2.0671308016773327,2.3050172141190854,2.517986331145293,2.7079729179676364,2.8768291837591073,3.0263175775101154,3.1581044808034986,3.2737547984166304,3.3747274257406854,3.462371551771934,3.5379237385418874,3.602505702881207,3.6571227148120173,3.7026625189630247,3.739894681395325,3.769470264168393,3.79192173378308,3.8076630170972487,3.8169896290838974,3.820078810446459,3.8169896290838974,3.8076630170972487,3.79192173378308,3.769470264168393,3.7398946813953247,3.7026625189630242,3.6571227148120165,3.602505702881206,3.5379237385418865,3.462371551771933,3.3747274257406845,3.2737547984166295,3.1581044808034977,3.0263175775101145,2.8768291837591065,2.7079729179676355,2.517986331145292,2.3050172141190846,2.0671308016773318,1.8023178498608154,1.5085035396049857,1.183557137554574,0.8253023239225487,0.4315280784980697,0.0
81,4.05,0.0,0.4343268246991335,0.8308852229567866,1.19189518716515,1.5195536922638389,1.8160235450407565,2.0834226515336636,2.3238138231312853,2.5391952267698783,2.73149156667997,2.9025460651025385,3.0541132879774358,3.187852839563286,3.3053239280435687,3.407980783157691,3.497168887474142,3.5741219657322465,3.63995966226632,3.6956858253299836,3.7421873094773312,3.7802332032203263,3.8104743890244666,3.8334433462516473,3.849554114707729,3.8591023466826564,3.862265388357712,3.8591023466826564,3.849554114707729,3.833443346251647,3.810474389024466,3.780233203220326,3.742187309477331,3.6956858253299827,3.6399596622663193,3.5741219657322456,3.497168887474141,3.40798078315769,3.305323928043568,3.187852839563285,3.054113287977435,2.9025460651025377,2.7314915666799693,2.5391952267698774,2.3238138231312844,2.0834226515336627,1.8160235450407556,1.5195536922638382,1.1918951871651493,0.8308852229567861,0.43432682469913325,0.0
82,4.1,0.0,0.43710746881406065,0.8364321443881506,1.2001798302672757,1.5305336633451532,1.8296431259985309,2.099613461755117,2.342495611071659,2.5602767692664337,2.7548716514951335,2.928114530494172,3.0817520923196478,3.2174371342027346,3.33672310765409,3.4410594897972278,3.531787947268994,3.6101392405047976,3.6772308023522515,3.7340649141521043,3.7815273949976693,3.8203867160173433,3.8512934512767325,3.874779980197447,3.891260363047569,3.9010303207691095,3.9042672627640327,3.9010303207691095,3.8912603630475684,3.8747799801974465,3.851293451276732,3.820386716017343,3.781527394997669,3.7340649141521034,3.6772308023522506,3.6101392405047967,3.531787947268993,3.441059489797227,3.3367231076540893,3.2174371342027337,3.081752092319647,2.928114530494171,2.7548716514951326,2.5602767692664328,2.342495611071658,2.0996134617551157,1.8296431259985297,1.5305336633451525,1.200179830267275,0.8364321443881502,0.43710746881406043,0.0
83,4.15,0.0,0.4398702891291502,0.8419436368095927,1.2084118700924489,1.541444487932866,1.8431778305929154,2.115704638655309,2.3610641143759454,2.5812325842089234,2.778114844930699,2.9535362574540773,3.1092356328050297,3.2468589345211907,3.3679538016183743,3.4739648769449416,3.566229907849585,3.645976570211175,3.7143199535241354,3.772260634306354,3.820683257896276,3.860355544911073,3.8919276383061083,3.915931710043624,3.932781752664219,3.9427734902679648,3.946084355164243,3.9427734902679648,3.9327817526642184,3.915931710043623,3.8919276383061074,3.860355544911072,3.8206832578962753,3.772260634306353,3.7143199535241345,3.645976570211174,3.5662299078495843,3.4739648769449407,3.3679538016183734,3.24685893452119,3.109235632805029,2.9535362574540764,2.7781148449306983,2.5812325842089225,2.3610641143759445,2.1157046386553082,1.8431778305929145,1.541444487932865,1.2084118700924482,0.8419436368095923,0.43987028912915,0.0
84,4.2,0.0,0.44261555417548687,0.8474202296586748,1.2165920820122262,1.552287165554433,1.8566288547094503,2.1316975416583706,2.3795208193361943,2.602064245532538,2.8012227681594597,2.9788128742038946,3.1365655061017956,3.276119769909816,3.3990174403747306,3.506698249464857,3.6004959277498996,3.681634952756726,3.75122794557276,3.810273646907657,3.8596553968448677,3.90014003879209,3.93237716773124,3.9568986457157584,3.9741183134940012,3.984331835875642,3.987716629631717,3.984331835875642,3.974118313494001,3.956898645715758,3.932377167731239,3.900140038792089,3.859655396844867,3.810273646907656,3.7512279455727593,3.681634952756725,3.6004959277498987,3.506698249464856,3.3990174403747297,3.276119769909815,3.1365655061017947,2.9788128742038937,2.801222768159459,2.602064245532537,2.3795208193361934,2.131697541658369,1.8566288547094492,1.5522871655544321,1.2165920820122256,0.8474202296586744,0.44261555417548665,0.0
85,4.25,0.0,0.4453435231618845,0.8528624340659141,1.2247212147677307,1.5630626617421817,1.8699973540915897,2.147593485327972,2.3978671642491793,2.6227732777197974,2.8241969931518915,3.0039459616879594,3.1637432651067523,3.3052211309257586,3.4299154216983476,3.539260886724224,3.6345871479005303,3.717115376775341,3.7879556074898715,3.8481046205875145,3.8984443259037587,3.939740569100706,3.972642285930934,3.9976809309537207,4.015270113019677,4.025705378123742,4.029164090846222,4.025705378123742,4.015270113019676,3.99768093095372,3.9726422859309336,3.9397405691007052,3.898444325903758,3.8481046205875136,3.7879556074898706,3.71711537677534,3.6345871479005294,3.539260886724223,3.4299154216983467,3.3052211309257578,3.1637432651067514,3.0039459616879585,2.8241969931518907,2.6227732777197965,2.3978671642491785,2.1475934853279712,1.8699973540915886,1.5630626617421806,1.2247212147677298,0.8528624340659134,0.44534352316188425,0.0
86,4.3,0.0,0.4480544463865327,0.8582707436615464,1.232799991639254,1.5737719095192535,1.883284446084407,2.163393741300815,2.416104541465324,2.643361157887463,2.8470390447237195,3.028937055507415,3.190770420697919,3.3341644708036964,3.4606491119225518,3.571654043487017,3.668504692169491,3.752418821805483,3.8245037672799858,3.885754230954135,3.9370505736539276,3.9791575286644427,4.012723266628946,4.03827874169269,4.05623725450205,4.066894175519431,4.070426782203646,4.066894175519431,4.056237254502049,4.0382787416926895,4.012723266628946,3.9791575286644423,3.9370505736539267,3.885754230954134,3.824503767279985,3.752418821805482,3.66850469216949,3.5716540434870163,3.460649111922551,3.3341644708036955,3.190770420697918,3.028937055507414,2.8470390447237186,2.6433611578874623,2.416104541465323,2.1633937413008137,1.8832844460844056,1.5737719095192524,1.2327999916392534,0.8582707436615458,0.44805444638653236,0.0
87,4.3500000000000005,0.0,0.4507485656285653,0.8636456353430801,1.2408291115593506,1.5844158108143276,1.8964912112955945,2.1790995401296103,2.434234299343237,2.663829317779122,2.8697504024929823,3.0537876477711,3.2176484434141295,3.3629512069069256,3.4912198471138534,3.6038789507764974,3.7022496678877697,3.7875462584664468,3.860873251787175,3.9232231600811756,3.9754746823698826,4.01839133058678,4.052620409538734,4.078692284510906,4.097019875283124,4.107898322760312,4.111504784001179,4.107898322760312,4.097019875283124,4.078692284510905,4.052620409538733,4.01839133058678,3.975474682369882,3.923223160081175,3.8608732517871744,3.7875462584664463,3.7022496678877688,3.6038789507764966,3.4912198471138525,3.3629512069069247,3.2176484434141286,3.0537876477710992,2.8697504024929814,2.663829317779121,2.434234299343236,2.1790995401296094,1.8964912112955936,1.5844158108143265,1.2408291115593497,0.8636456353430795,0.45074856562856497,0.0
88,4.4,0.0,0.4534261145206901,0.8689875700058401,1.2488092501725434,1.5949952378090182,1.909618695178218,2.1947120730403045,2.4522577441146525,2.6841791456680166,2.892332502750776,3.078499188866784,3.244378765064483,3.391582722120065,3.521628934202078,3.6359368167073924,3.73582316635946,3.822498648634034,3.8970648865355044,3.9605120960233595,4.0137172072312675,4.0574424071849755,4.09233403906584,4.118921795141796,4.137618145158476,4.148717949021391,4.152398211695548,4.14871794902139,4.137618145158475,4.118921795141795,4.092334039065839,4.057442407184975,4.013717207231267,3.960512096023359,3.897064886535504,3.8224986486340335,3.7358231663594594,3.635936816707392,3.5216289342020777,3.3915827221200643,3.244378765064482,3.078499188866783,2.892332502750775,2.6841791456680157,2.4522577441146516,2.1947120730403036,1.909618695178217,1.5949952378090173,1.2488092501725425,0.8689875700058397,0.4534261145206898,0.0
89,4.45,0.0,0.45608731890393167,0.8742969932385578,1.2567410608445913,1.6055110342215955,1.9226679095393555,2.2102324936079762,2.4701761416642567,2.704411988174478,2.9147867402496423,3.103073089156218,3.2709627802704677,3.420060366185497,3.5518776520669366,3.66782882728826,3.769226263356339,3.8572769456149194,3.933079495581917,3.997621732357349,4.051778715571311,4.096311208974795,4.131864503065626,4.158967537048069,4.178032264816381,4.189353216311689,4.193107214231879,4.189353216311689,4.17803226481638,4.158967537048068,4.131864503065625,4.096311208974794,4.05177871557131,3.997621732357348,3.933079495581916,3.857276945614919,3.7692262633563387,3.6678288272882598,3.551877652066936,3.420060366185496,3.270962780270467,3.1030730891562173,2.9147867402496415,2.7044119881744773,2.470176141664256,2.2102324936079754,1.9226679095393546,1.6055110342215946,1.2567410608445906,0.8742969932385574,0.4560873189039314,0.0
90,4.5,0.0,0.45873239716547115,0.8795743359859084,1.2646251756240316,1.615964016530413,1.9356398339785135,2.2256619193555736,2.487990719228633,2.7245291520020256,2.9371144699133978,3.1275107205972974,3.297401847943443,3.4483854569855463,3.5819672525823307,3.6995561471946967,3.8024600195969334,3.8918820943191528,3.968917901380448,4.034552767746368,4.089659786160296,4.134998203700149,4.171212171654155,4.19882980005552,4.218262464341366,4.229804317898137,4.233631972440773,4.229804317898136,4.2182624643413655,4.1988298000555195,4.171212171654154,4.134998203700148,4.089659786160295,4.0345527677463675,3.968917901380447,3.8918820943191523,3.802460019596933,3.6995561471946963,3.58196725258233,3.4483854569855454,3.297401847943442,3.1275107205972965,2.937114469913397,2.7245291520020247,2.487990719228632,2.2256619193555727,1.9356398339785126,1.6159640165304123,1.264625175624031,0.8795743359859078,0.4587323971654709,0.0
91,4.55,0.0,0.4613615605604995,0.8848200151797841,1.2724622061585489,1.6263549751402344,1.9485354172594531,2.2410014332793833,2.505702667018305,2.7445319055960287,2.9593170084719507,3.1518134182964723,3.323697292700108,3.476559281772437,3.611898961619791,3.731119920514089,3.8355254812101145,3.926315031430303,4.004580924656854,4.071305905527245,4.127361008522369,4.173503875405672,4.210377436070141,4.238508899044307,4.258309001779884,4.2700714767943975,4.27397269750128,4.270071476794397,4.2583090017798835,4.238508899044306,4.21037743607014,4.173503875405671,4.127361008522368,4.071305905527244,4.004580924656853,3.926315031430302,3.835525481210114,3.7311199205140886,3.6118989616197905,3.476559281772436,3.323697292700107,3.1518134182964714,2.95931700847195,2.7445319055960278,2.505702667018304,2.2410014332793824,1.9485354172594522,1.6263549751402337,1.2724622061585482,0.8848200151797837,0.4613615605604992,0.0
92,4.6000000000000005,0.0,0.46397501351893605,0.8900344343409587,1.2802527445685499,1.6366846754944118,1.9613555786188268,2.256252085304914,2.523313139766632,2.764421480728564,2.9813956360245513,3.1759824819944518,3.3498504062184766,3.504583098347938,3.6416739800123645,3.762521271462648,3.8684236801833958,3.9605766855728306,4.040069384292719,4.10788185331851,4.164882982284056,4.2118287235503615,4.249360707585836,4.27800517269547,4.2981721617657955,4.310154944312265,4.314129629467342,4.310154944312265,4.298172161765795,4.278005172695469,4.2493607075858355,4.211828723550361,4.164882982284055,4.107881853318509,4.0400693842927184,3.9605766855728297,3.868423680183395,3.7625212714626475,3.641673980012364,3.5045830983479376,3.3498504062184757,3.175982481994451,2.9813956360245504,2.764421480728563,2.523313139766631,2.2562520853049133,1.961355578618826,1.6366846754944109,1.280252744568549,0.8900344343409581,0.4639750135189357,0.0
93,4.65,0.0,0.4665729539378144,0.8952179841527049,1.2879973642801812,1.6469538591357218,1.9741012090148453,2.2714148936766625,2.5408232582091106,2.7841990740129723,3.003351597534693,3.2000191774880697,3.375862448536785,3.532458136194635,3.671293484480283,3.793761305075455,3.9011556347961003,3.9946679774763805,4.075384097218289,4.144281322648456,4.202226316552966,4.2499732621605375,4.288162416464953,4.317318982290618,4.337852254203497,4.3500549986734285,4.354103035855526,4.350054998673428,4.337852254203496,4.317318982290617,4.288162416464952,4.249973262160537,4.202226316552965,4.144281322648455,4.075384097218288,3.994667977476379,3.901155634796099,3.793761305075454,3.671293484480282,3.532458136194634,3.3758624485367843,3.200019177488069,3.0033515975346923,2.7841990740129714,2.5408232582091097,2.2714148936766616,1.9741012090148444,1.6469538591357211,1.2879973642801805,0.8952179841527045,0.46657295393781417,0.0
94,4.7,0.0,0.46915557346008396,0.9003710430078182,1.2956966208198704,1.6571632447184648,1.9867731723189619,2.2864908462849787,2.5582341104964104,2.8038658483513617,3.0251861042597588,3.2239247379910814,3.4017346492976794,3.5601855975606527,3.700758628519747,3.8248411078703235,3.9337223500376637,4.028589820136735,4.110525878313303,4.18050502860197,4.239391629325274,4.287938019020359,4.3267830109656495,4.35645071056268,4.377349613006459,4.3897719436792695,4.393893210291702,4.389771943679269,4.377349613006458,4.3564507105626795,4.326783010965649,4.287938019020358,4.239391629325272,4.180505028601968,4.110525878313301,4.028589820136733,3.933722350037662,3.824841107870322,3.700758628519746,3.560185597560652,3.4017346492976785,3.2239247379910805,3.025186104259758,2.8038658483513608,2.5582341104964095,2.286490846284978,1.986773172318961,1.657163244718464,1.2956966208198697,0.9003710430078178,0.46915557346008374,0.0
95,4.75,0.0,0.4717230577405245,0.9054939775304142,1.3033510525723566,1.6673135289742818,1.9993723064534157,2.301480901933135,2.575546753544319,2.8234229343181996,3.046900335118352,3.247700365436533,3.427468208939929,3.587766658499653,3.730070543256124,3.8557617484862523,3.9661248180113318,4.062343118973201,4.145495540315166,4.216553689485139,4.276379546920561,4.325723534898326,4.365222956386751,4.3954007605957175,4.416664594889095,4.429306107436629,4.433500471214515,4.429306107436629,4.416664594889094,4.395400760595717,4.36522295638675,4.325723534898325,4.27637954692056,4.2165536894851385,4.1454955403151645,4.0623431189731996,3.96612481801133,3.855761748486251,3.7300705432561228,3.5877666584996515,3.427468208939928,3.247700365436532,3.0469003351183512,2.8234229343181987,2.575546753544318,2.301480901933134,1.9993723064534148,1.6673135289742809,1.303351052572356,0.9054939775304137,0.47172305774052425,0.0
96,4.8,0.0,0.47427558669943365,0.9105871430737783,1.3109611815040454,1.677405387634003,2.0118994244773054,2.3163859915474867,2.592762214323586,2.842871431482944,3.0684954379981,3.2713472317232375,3.4530642998398604,3.615202469867831,3.759230338262833,3.8865242782972595,3.998364018323583,4.095928771982326,4.180293893733938,4.252428026506705,4.313190703442809,4.3633303628081475,4.40348273415545,4.434169554771889,4.455797578209923,4.468657841137336,4.472925160633499,4.468657841137336,4.455797578209923,4.434169554771889,4.403482734155449,4.363330362808147,4.3131907034428085,4.252428026506704,4.1802938937339365,4.095928771982324,3.9983640183235813,3.886524278297258,3.7592303382628316,3.6152024698678296,3.4530642998398595,3.2713472317232366,3.068495437998099,2.8428714314829433,2.592762214323585,2.316385991547486,2.0118994244773045,1.677405387634002,1.3109611815040445,0.9105871430737776,0.4742755866994333,0.0
97,4.8500000000000005,0.0,0.47681333476470533,0.9156508841954748,1.3185275138534291,1.6874394763077016,2.0243553156236924,2.3312070193334375,2.6098814910925014,2.8622124096745143,3.0899725310066106,3.2948664799087735,3.478524067404565,3.6424941582796238,3.7882391023471658,3.9171297320023872,4.030440918459577,4.129347669887754,4.2149217467735225,4.288128763475373,4.349825740266219,4.400759067302522,4.441562840954721,4.472757533763655,4.4947489618639915,4.507827517889481,4.512167642939733,4.507827517889481,4.4947489618639915,4.472757533763655,4.441562840954721,4.400759067302521,4.349825740266217,4.288128763475371,4.214921746773521,4.1293476698877525,4.0304409184595755,3.917129732002386,3.7882391023471644,3.6424941582796224,3.4785240674045643,3.2948664799087726,3.0899725310066097,2.8622124096745134,2.6098814910925006,2.3312070193334367,2.0243553156236915,1.6874394763077007,1.3185275138534283,0.9156508841954742,0.47681333476470505,0.0
98,4.9,0.0,0.4793364711028773,0.9206855351108472,1.326050540790197,1.6974164313250064,2.0367407462901173,2.3459448638798275,2.6269055545748774,2.881446910190275,3.1113327036681024,3.318259225351316,3.5038486311189287,3.669642827023749,3.8170979043042874,3.947579128192683,4.062356474145009,4.1626006962862245,4.249379905258651,4.323656626512234,4.386285305544784,4.438010223798368,4.479463787888861,4.5111651555694,4.533519164222618,4.546815531598387,4.551228303767039,4.546815531598387,4.533519164222618,4.5111651555694,4.47946378788886,4.438010223798367,4.386285305544782,4.323656626512232,4.24937990525865,4.162600696286223,4.062356474145006,3.9475791281926806,3.817097904304286,3.6696428270237478,3.503848631118928,3.3182592253513152,3.1113327036681016,2.881446910190274,2.6269055545748765,2.3459448638798266,2.0367407462901164,1.6974164313250055,1.3260505407901961,0.9206855351108465,0.47933647110287697,0.0
99,4.95,0.0,0.4818451598396974,0.9256914201259772,1.3335307390445688,1.7073368705375935,2.0490564609847675,2.360600379214168,2.6438353490859985,2.9005759469520562,3.132577018068144,3.3415265568025214,3.529039085548375,3.6966495569411855,3.845807793640603,3.9778734698959246,4.094111629694705,4.195688727789603,4.283669172567199,4.359012343777456,4.422570053744479,4.475084417932186,4.517186099685507,4.5493928945907465,4.572108622118637,4.585622295895383,4.590107548901701,4.585622295895383,4.572108622118637,4.549392894590746,4.517186099685506,4.475084417932185,4.4225700537444785,4.359012343777454,4.283669172567198,4.195688727789602,4.094111629694702,3.9778734698959224,3.8458077936406014,3.696649556941184,3.529039085548374,3.3415265568025205,3.132577018068143,2.9005759469520553,2.6438353490859976,2.360600379214167,2.049056460984766,1.7073368705375926,1.3335307390445679,0.9256914201259765,0.48184515983969706,0.0
100,5.0,0.0,0.48433956027071945,0.9306688540511051,1.3409685715083064,1.7172013940856983,2.061303183230407,2.3751743958110336,2.6606717936089357,2.9196005076116305,3.1537065099487886,3.364669537453581,3.5540965012992087,3.7235154072665892,3.8743698012676426,4.008013745099869,4.125707318348382,4.228612634162975,4.317790349567442,4.3941966452105135,4.458680645197024,4.51198224494417,4.5547303139326925,4.587441240749848,4.610517789875256,4.624248243112436,4.628805803238841,4.624248243112436,4.610517789875256,4.587441240749848,4.554730313932692,4.5119822449441696,4.458680645197022,4.394196645210512,4.31779034956744,4.228612634162973,4.12570731834838,4.008013745099867,3.874369801267641,3.7235154072665875,3.5540965012992074,3.3646695374535796,3.1537065099487878,2.9196005076116296,2.660671793608935,2.3751743958110327,2.061303183230406,1.7172013940856976,1.3409685715083057,0.9306688540511046,0.4843395602707191,0.0
